,Unnamed: 0,JSON Name,FakeNN JSON Name,M,N,K,m,n,k,Space Remaining,tileA,tileB_cc,tileC_cc,tileA_cc,Space Needed in L1,tileB,tileC,Reduction Dim,m Dim,Row Dim,Weight Matrix Tile Size,SSR Config Count,mPrime Little VecMat Runs,mPrime UnrollAndJam Loop Iters,mPrime HW Loop Iters,mPrime HW Loop Body Size,mPrime,mHat Little VecMat Runs,mHat UnrollAndJam Loop Iters,mHat HW Loop Iters,mHat HW Loop Body Size,mHat,Regular Loads,Total SSR Loads,A Not Reused SSR Loads,A SSR Reuse Loads,A SSR Start Reuse Loads,B SSR Loads,Little K,m_tiles,n_tiles,k_tiles,L3 Loads,stage,myrtle,Kernel Time
0,0,128-8-8,512x512x512w128-8-8,512,512,512,128,8,8,80896,8192,512,1024,1024,33792,512,8192,8,128,8,1024,131072,16,1,8,8,16,17,1,8,8,17,16777216.0,201326592.0,12582912.0,88080384.0,12582912,100663296.0,8,4.0,64.0,64.0,18087936.0,-87,-1,23673126.0
1,1,16-16-16,512x512x512w16-16-16,512,512,512,16,16,16,102400,2048,2048,256,256,12288,2048,2048,16,16,16,4096,262144,2,2,16,8,2,3,2,16,8,3,8388608.0,234881024.0,14680064.0,102760448.0,14680064,117440512.0,16,32.0,32.0,32.0,17039360.0,-87,-1,26268131.0
2,2,16-16-32,512x512x512w16-16-32,512,512,512,16,16,32,94208,4096,4096,256,512,20480,4096,2048,32,16,16,8192,131072,2,2,32,8,2,3,2,32,8,3,4194304.0,251658240.0,15728640.0,110100480.0,15728640,125829120.0,32,32.0,32.0,16.0,17039360.0,-87,-1,22173465.0
3,3,16-16-64,512x512x512w16-16-64,512,512,512,16,16,64,77824,8192,8192,256,1024,36864,8192,2048,64,16,16,16384,65536,2,2,64,8,2,3,2,64,8,3,2097152.0,260046848.0,16252928.0,113770496.0,16252928,130023424.0,64,32.0,32.0,8.0,17039360.0,-87,-1,19971022.0
4,4,16-16-8,512x512x512w16-16-8,512,512,512,16,16,8,106496,1024,1024,256,128,8192,1024,2048,8,16,16,2048,524288,2,2,8,8,2,3,2,8,8,3,16777216.0,201326592.0,12582912.0,88080384.0,12582912,100663296.0,8,32.0,32.0,64.0,17039360.0,-87,-1,
5,5,16-32-16,512x512x512w16-32-16,512,512,512,16,32,16,94208,2048,4096,512,256,20480,4096,4096,16,16,32,8192,131072,2,4,16,8,2,3,4,16,8,3,8388608.0,234881024.0,14680064.0,102760448.0,14680064,117440512.0,16,32.0,16.0,32.0,12845056.0,-87,-1,24867658.0
6,6,16-32-32,512x512x512w16-32-32,512,512,512,16,32,32,81920,4096,8192,512,512,32768,8192,4096,32,16,32,16384,65536,2,4,32,8,2,3,4,32,8,3,4194304.0,251658240.0,15728640.0,110100480.0,15728640,125829120.0,32,32.0,16.0,16.0,12845056.0,-87,-1,22074810.0
7,7,16-32-8,512x512x512w16-32-8,512,512,512,16,32,8,100352,1024,2048,512,128,14336,2048,4096,8,16,32,4096,262144,2,4,8,8,2,3,4,8,8,3,16777216.0,201326592.0,12582912.0,88080384.0,12582912,100663296.0,8,32.0,16.0,64.0,12845056.0,-87,-1,29764144.0
8,8,16-64-16,512x512x512w16-64-16,512,512,512,16,64,16,77824,2048,8192,1024,256,36864,8192,8192,16,16,64,16384,65536,2,8,16,8,2,3,8,16,8,3,8388608.0,234881024.0,14680064.0,102760448.0,14680064,117440512.0,16,32.0,8.0,32.0,10747904.0,-87,-1,22604341.0
9,9,16-64-8,512x512x512w16-64-8,512,512,512,16,64,8,88064,1024,4096,1024,128,26624,4096,8192,8,16,64,8192,131072,2,8,8,8,2,3,8,8,8,3,16777216.0,201326592.0,12582912.0,88080384.0,12582912,100663296.0,8,32.0,8.0,64.0,10747904.0,-87,-1,25699317.0
10,10,16-8-16,512x512x512w16-8-16,512,512,512,16,8,16,106496,2048,1024,128,256,8192,1024,1024,16,16,8,2048,524288,2,1,16,8,2,3,1,16,8,3,8388608.0,234881024.0,14680064.0,102760448.0,14680064,117440512.0,16,32.0,64.0,32.0,25427968.0,-87,-1,33325375.0
11,11,16-8-32,512x512x512w16-8-32,512,512,512,16,8,32,100352,4096,2048,128,512,14336,2048,1024,32,16,8,4096,262144,2,1,32,8,2,3,1,32,8,3,4194304.0,251658240.0,15728640.0,110100480.0,15728640,125829120.0,32,32.0,64.0,16.0,25427968.0,-87,-1,25776663.0
12,12,16-8-64,512x512x512w16-8-64,512,512,512,16,8,64,88064,8192,4096,128,1024,26624,4096,1024,64,16,8,8192,131072,2,1,64,8,2,3,1,64,8,3,2097152.0,260046848.0,16252928.0,113770496.0,16252928,130023424.0,64,32.0,64.0,8.0,25427968.0,-87,-1,21844654.0
13,13,16-8-8,512x512x512w16-8-8,512,512,512,16,8,8,109568,1024,512,128,128,5120,512,1024,8,16,8,1024,1048576,2,1,8,8,2,3,1,8,8,3,16777216.0,201326592.0,12582912.0,88080384.0,12582912,100663296.0,8,32.0,64.0,64.0,25427968.0,-87,-1,
14,14,32-16-16,512x512x512w32-16-16,512,512,512,32,16,16,94208,4096,2048,512,512,20480,2048,4096,16,32,16,4096,131072,4,2,16,8,4,5,2,16,8,5,8388608.0,234881024.0,14680064.0,102760448.0,14680064,117440512.0,16,16.0,32.0,32.0,12845056.0,-87,-1,22445644.0
15,15,32-16-32,512x512x512w32-16-32,512,512,512,32,16,32,81920,8192,4096,512,1024,32768,4096,4096,32,32,16,8192,65536,4,2,32,8,4,5,2,32,8,5,4194304.0,251658240.0,15728640.0,110100480.0,15728640,125829120.0,32,16.0,32.0,16.0,12845056.0,-87,-1,20245607.0
16,16,32-16-8,512x512x512w32-16-8,512,512,512,32,16,8,100352,2048,1024,512,256,14336,1024,4096,8,32,16,2048,262144,4,2,8,8,4,5,2,8,8,5,16777216.0,201326592.0,12582912.0,88080384.0,12582912,100663296.0,8,16.0,32.0,64.0,12845056.0,-87,-1,27442507.0
17,17,32-32-16,512x512x512w32-32-16,512,512,512,32,32,16,81920,4096,4096,1024,512,32768,4096,8192,16,32,32,8192,65536,4,4,16,8,4,5,4,16,8,5,8388608.0,234881024.0,14680064.0,102760448.0,14680064,117440512.0,16,16.0,16.0,32.0,8650752.0,-87,-1,22534490.0
18,18,32-32-32,512x512x512w32-32-32,512,512,512,32,32,32,65536,8192,8192,1024,1024,49152,8192,8192,32,32,32,16384,32768,4,4,32,8,4,5,4,32,8,5,4194304.0,251658240.0,15728640.0,110100480.0,15728640,125829120.0,32,16.0,16.0,16.0,8650752.0,-87,-1,20612712.0
19,19,32-32-8,512x512x512w32-32-8,512,512,512,32,32,8,90112,2048,2048,1024,256,24576,2048,8192,8,32,32,4096,131072,4,4,8,8,4,5,4,8,8,5,16777216.0,201326592.0,12582912.0,88080384.0,12582912,100663296.0,8,16.0,16.0,64.0,8650752.0,-87,-1,25703764.0
20,20,32-8-16,512x512x512w32-8-16,512,512,512,32,8,16,100352,4096,1024,256,512,14336,1024,2048,16,32,8,2048,262144,4,1,16,8,4,5,1,16,8,5,8388608.0,234881024.0,14680064.0,102760448.0,14680064,117440512.0,16,16.0,64.0,32.0,21233664.0,-87,-1,26269588.0
21,21,32-8-32,512x512x512w32-8-32,512,512,512,32,8,32,90112,8192,2048,256,1024,24576,2048,2048,32,32,8,4096,131072,4,1,32,8,4,5,1,32,8,5,4194304.0,251658240.0,15728640.0,110100480.0,15728640,125829120.0,32,16.0,64.0,16.0,21233664.0,-87,-1,22143523.0
22,22,32-8-8,512x512x512w32-8-8,512,512,512,32,8,8,105472,2048,512,256,256,9216,512,2048,8,32,8,1024,524288,4,1,8,8,4,5,1,8,8,5,16777216.0,201326592.0,12582912.0,88080384.0,12582912,100663296.0,8,16.0,64.0,64.0,21233664.0,-87,-1,34643033.0
23,23,64-16-16,512x512x512w64-16-16,512,512,512,64,16,16,77824,8192,2048,1024,1024,36864,2048,8192,16,64,16,4096,65536,8,2,16,8,8,9,2,16,8,9,8388608.0,234881024.0,14680064.0,102760448.0,14680064,117440512.0,16,8.0,32.0,32.0,10747904.0,-87,-1,20678542.0
24,24,64-16-8,512x512x512w64-16-8,512,512,512,64,16,8,88064,4096,1024,1024,512,26624,1024,8192,8,64,16,2048,131072,8,2,8,8,8,9,2,8,8,9,16777216.0,201326592.0,12582912.0,88080384.0,12582912,100663296.0,8,8.0,32.0,64.0,10747904.0,-87,-1,23651344.0
25,25,64-8-16,512x512x512w64-8-16,512,512,512,64,8,16,88064,8192,1024,512,1024,26624,1024,4096,16,64,8,2048,131072,8,1,16,8,8,9,1,16,8,9,8388608.0,234881024.0,14680064.0,102760448.0,14680064,117440512.0,16,8.0,64.0,32.0,19136512.0,-87,-1,22595566.0
26,26,64-8-8,512x512x512w64-8-8,512,512,512,64,8,8,97280,4096,512,512,512,17408,512,4096,8,64,8,1024,262144,8,1,8,8,8,9,1,8,8,9,16777216.0,201326592.0,12582912.0,88080384.0,12582912,100663296.0,8,8.0,64.0,64.0,19136512.0,-87,-1,27164882.0
27,27,8-128-8,512x512x512w8-128-8,512,512,512,8,128,8,80896,512,8192,1024,64,33792,8192,8192,8,8,128,16384,131072,1,16,8,8,1,2,16,8,8,2,16777216.0,201326592.0,12582912.0,88080384.0,12582912,100663296.0,8,64.0,4.0,64.0,18087936.0,-87,-1,25936570.0
28,28,8-16-16,512x512x512w8-16-16,512,512,512,8,16,16,106496,1024,2048,128,128,8192,2048,1024,16,8,16,4096,524288,1,2,16,8,1,2,2,16,8,2,8388608.0,234881024.0,14680064.0,102760448.0,14680064,117440512.0,16,64.0,32.0,32.0,25427968.0,-87,-1,33546182.0
29,29,8-16-32,512x512x512w8-16-32,512,512,512,8,16,32,100352,2048,4096,128,256,14336,4096,1024,32,8,16,8192,262144,1,2,32,8,1,2,2,32,8,2,4194304.0,251658240.0,15728640.0,110100480.0,15728640,125829120.0,32,64.0,32.0,16.0,25427968.0,-87,-1,25922577.0
30,30,8-16-64,512x512x512w8-16-64,512,512,512,8,16,64,88064,4096,8192,128,512,26624,8192,1024,64,8,16,16384,131072,1,2,64,8,1,2,2,64,8,2,2097152.0,260046848.0,16252928.0,113770496.0,16252928,130023424.0,64,64.0,32.0,8.0,25427968.0,-87,-1,22030235.0
31,31,8-16-8,512x512x512w8-16-8,512,512,512,8,16,8,109568,512,1024,128,64,5120,1024,1024,8,8,16,2048,1048576,1,2,8,8,1,2,2,8,8,2,16777216.0,201326592.0,12582912.0,88080384.0,12582912,100663296.0,8,64.0,32.0,64.0,25427968.0,-87,-1,50458443.0
32,32,8-32-16,512x512x512w8-32-16,512,512,512,8,32,16,100352,1024,4096,256,128,14336,4096,2048,16,8,32,8192,262144,1,4,16,8,1,2,4,16,8,2,8388608.0,234881024.0,14680064.0,102760448.0,14680064,117440512.0,16,64.0,16.0,32.0,21233664.0,-87,-1,28798766.0
33,33,8-32-32,512x512x512w8-32-32,512,512,512,8,32,32,90112,2048,8192,256,256,24576,8192,2048,32,8,32,16384,131072,1,4,32,8,1,2,4,32,8,2,4194304.0,251658240.0,15728640.0,110100480.0,15728640,125829120.0,32,64.0,16.0,16.0,21233664.0,-87,-1,24005987.0
34,34,8-32-8,512x512x512w8-32-8,512,512,512,8,32,8,105472,512,2048,256,64,9216,2048,2048,8,8,32,4096,524288,1,4,8,8,1,2,4,8,8,2,16777216.0,201326592.0,12582912.0,88080384.0,12582912,100663296.0,8,64.0,16.0,64.0,21233664.0,-87,-1,37254453.0
35,35,8-64-16,512x512x512w8-64-16,512,512,512,8,64,16,88064,1024,8192,512,128,26624,8192,4096,16,8,64,16384,131072,1,8,16,8,1,2,8,16,8,2,8388608.0,234881024.0,14680064.0,102760448.0,14680064,117440512.0,16,64.0,8.0,32.0,19136512.0,-87,-1,25018934.0
36,36,8-64-8,512x512x512w8-64-8,512,512,512,8,64,8,97280,512,4096,512,64,17408,4096,4096,8,8,64,8192,262144,1,8,8,8,1,2,8,8,8,2,16777216.0,201326592.0,12582912.0,88080384.0,12582912,100663296.0,8,64.0,8.0,64.0,19136512.0,-87,-1,29957484.0
37,37,8-8-128,512x512x512w8-8-128,512,512,512,8,8,128,80896,8192,8192,64,1024,33792,8192,512,128,8,8,16384,131072,1,1,128,8,1,2,1,128,8,2,1048576.0,264241152.0,16515072.0,115605504.0,16515072,132120576.0,128,64.0,64.0,4.0,33816576.0,-87,-1,21823440.0
38,38,8-8-16,512x512x512w8-8-16,512,512,512,8,8,16,109568,1024,1024,64,128,5120,1024,512,16,8,8,2048,1048576,1,1,16,8,1,2,1,16,8,2,8388608.0,234881024.0,14680064.0,102760448.0,14680064,117440512.0,16,64.0,64.0,32.0,33816576.0,-87,-1,
39,39,8-8-32,512x512x512w8-8-32,512,512,512,8,8,32,105472,2048,2048,64,256,9216,2048,512,32,8,8,4096,524288,1,1,32,8,1,2,1,32,8,2,4194304.0,251658240.0,15728640.0,110100480.0,15728640,125829120.0,32,64.0,64.0,16.0,33816576.0,-87,-1,
40,40,8-8-64,512x512x512w8-8-64,512,512,512,8,8,64,97280,4096,4096,64,512,17408,4096,512,64,8,8,8192,262144,1,1,64,8,1,2,1,64,8,2,2097152.0,260046848.0,16252928.0,113770496.0,16252928,130023424.0,64,64.0,64.0,8.0,33816576.0,-87,-1,25455380.0
41,41,8-8-8,512x512x512w8-8-8,512,512,512,8,8,8,111616,512,512,64,64,3072,512,512,8,8,8,1024,2097152,1,1,8,8,1,2,1,8,8,2,16777216.0,201326592.0,12582912.0,88080384.0,12582912,100663296.0,8,64.0,64.0,64.0,33816576.0,-87,-1,
