FakeNN JSON Name,M,N,K,m,n,k,JSON Name,Kpad,Space Remaining,tileB,m Dim,Weight Matrix Tile Size,Original Name,Npad,tileB_cc,tileA,Space Needed in L1,Row Dim,tileC,tileC_cc,padding,Reduction Dim,tileA_cc,Mpad,SSR Config Count,mPrime Little VecMat Runs,mPrime UnrollAndJam Loop Iters,mPrime HW Loop Iters,mPrime HW Loop Body Size,mPrime,mHat Little VecMat Runs,mHat UnrollAndJam Loop Iters,mHat HW Loop Iters,mHat HW Loop Body Size,mHat,Regular Loads,Total SSR Loads,A Not Reused SSR Loads,A SSR Reuse Loads,A SSR Start Reuse Loads,B SSR Loads,Little K,m_tiles,n_tiles,k_tiles,L3 Loads,Unnamed: 0,core0,core1,core2,core3,core4,core5,core6,core7,dma,Kernel Time
128x128x128w128-8-8,128,128,128,128,8,8,128-8-8,0,80896,512,128,1024,128x128x128w128-8-8,0,512,8192,33792,8,8192,1024,0,8,1024,0,2048,16,1,8,8,16,17,1,8,8,17,262144.0,3145728.0,196608.0,1376256.0,196608,1572864.0,8,1.0,16.0,16.0,294912.0,,360741,360739,360740,360741,360744,360741,360732,360738,365066,360750
128x128x128w16-16-16,128,128,128,16,16,16,16-16-16,0,102400,2048,16,4096,128x128x128w16-16-16,0,2048,2048,12288,16,2048,256,0,16,256,0,4096,2,2,16,8,2,3,2,16,8,3,131072.0,3670016.0,229376.0,1605632.0,229376,1835008.0,16,8.0,8.0,8.0,278528.0,,403002,402993,403008,403000,403000,402994,403002,402993,406252,403014
128x128x128w16-16-32,128,128,128,16,16,32,16-16-32,0,94208,4096,16,8192,128x128x128w16-16-32,0,4096,4096,20480,16,2048,256,0,32,512,0,2048,2,2,32,8,2,3,2,32,8,3,65536.0,3932160.0,245760.0,1720320.0,245760,1966080.0,32,8.0,8.0,4.0,278528.0,,343079,343070,343068,343077,343085,343079,343084,343079,346537,343092
128x128x128w16-16-64,128,128,128,16,16,64,16-16-64,0,77824,8192,16,16384,128x128x128w16-16-64,0,8192,8192,36864,16,2048,256,0,64,1024,0,1024,2,2,64,8,2,3,2,64,8,3,32768.0,4063232.0,253952.0,1777664.0,253952,2031616.0,64,8.0,8.0,2.0,278528.0,,310160,310160,310160,310163,310191,310183,310172,310164,313931,310196
128x128x128w16-16-8,128,128,128,16,16,8,16-16-8,0,106496,1024,16,2048,128x128x128w16-16-8,0,1024,1024,8192,16,2048,256,0,8,128,0,8192,2,2,8,8,2,3,2,8,8,3,262144.0,3145728.0,196608.0,1376256.0,196608,1572864.0,8,8.0,8.0,16.0,278528.0,,538573,538573,538580,538560,538560,538573,538579,538572,541766,538586
128x128x128w16-32-16,128,128,128,16,32,16,16-32-16,0,94208,4096,16,8192,128x128x128w16-32-16,0,4096,2048,20480,32,4096,512,0,16,256,0,2048,2,4,16,8,2,3,4,16,8,3,131072.0,3670016.0,229376.0,1605632.0,229376,1835008.0,16,8.0,4.0,8.0,212992.0,,381312,381286,381322,381286,381286,381287,381303,381311,384725,381327
128x128x128w16-32-32,128,128,128,16,32,32,16-32-32,0,81920,8192,16,16384,128x128x128w16-32-32,0,8192,4096,32768,32,4096,512,0,32,512,0,1024,2,4,32,8,2,3,4,32,8,3,65536.0,3932160.0,245760.0,1720320.0,245760,1966080.0,32,8.0,4.0,4.0,212992.0,,340951,340951,340959,340977,340942,340968,340959,340986,344659,340988
128x128x128w16-32-8,128,128,128,16,32,8,16-32-8,0,100352,2048,16,4096,128x128x128w16-32-8,0,2048,1024,14336,32,4096,512,0,8,128,0,4096,2,4,8,8,2,3,4,8,8,3,262144.0,3145728.0,196608.0,1376256.0,196608,1572864.0,8,8.0,4.0,16.0,212992.0,,459562,459563,459559,459529,459550,459529,459559,459546,462849,459567
128x128x128w16-64-16,128,128,128,16,64,16,16-64-16,0,77824,8192,16,16384,128x128x128w16-64-16,0,8192,2048,36864,64,8192,1024,0,16,256,0,1024,2,8,16,8,2,3,8,16,8,3,131072.0,3670016.0,229376.0,1605632.0,229376,1835008.0,16,8.0,2.0,8.0,180224.0,,352253,352232,352256,352249,352222,352267,352265,352283,355943,352285
128x128x128w16-64-8,128,128,128,16,64,8,16-64-8,0,88064,4096,16,8192,128x128x128w16-64-8,0,4096,1024,26624,64,8192,1024,0,8,128,0,2048,2,8,8,8,2,3,8,8,8,3,262144.0,3145728.0,196608.0,1376256.0,196608,1572864.0,8,8.0,2.0,16.0,180224.0,,393904,393891,393906,393934,393917,393867,393892,393883,397405,393940
128x128x128w16-8-16,128,128,128,16,8,16,16-8-16,0,106496,1024,16,2048,128x128x128w16-8-16,0,1024,2048,8192,8,1024,128,0,16,256,0,8192,2,1,16,8,2,3,1,16,8,3,131072.0,3670016.0,229376.0,1605632.0,229376,1835008.0,16,8.0,16.0,8.0,409600.0,,518158,518153,518163,518161,518157,518145,518170,518154,521373,518171
128x128x128w16-8-32,128,128,128,16,8,32,16-8-32,0,100352,2048,16,4096,128x128x128w16-8-32,0,2048,4096,14336,8,1024,128,0,32,512,0,4096,2,1,32,8,2,3,1,32,8,3,65536.0,3932160.0,245760.0,1720320.0,245760,1966080.0,32,8.0,16.0,4.0,409600.0,,397216,397206,397215,397223,397217,397199,397232,397232,400569,397234
128x128x128w16-8-64,128,128,128,16,8,64,16-8-64,0,88064,4096,16,8192,128x128x128w16-8-64,0,4096,8192,26624,8,1024,128,0,64,1024,0,2048,2,1,64,8,2,3,1,64,8,3,32768.0,4063232.0,253952.0,1777664.0,253952,2031616.0,64,8.0,16.0,2.0,409600.0,,338652,338647,338653,338628,338645,338655,338642,338640,342267,338663
128x128x128w16-8-8,128,128,128,16,8,8,16-8-8,0,109568,512,16,1024,128x128x128w16-8-8,0,512,1024,5120,8,1024,128,0,8,128,0,16384,2,1,8,8,2,3,1,8,8,3,262144.0,3145728.0,196608.0,1376256.0,196608,1572864.0,8,8.0,16.0,16.0,409600.0,,764234,764235,764234,764236,764218,764227,764227,764227,767350,764243
128x128x128w32-16-16,128,128,128,32,16,16,32-16-16,0,94208,2048,32,4096,128x128x128w32-16-16,0,2048,4096,20480,16,4096,512,0,16,512,0,2048,4,2,16,8,4,5,2,16,8,5,131072.0,3670016.0,229376.0,1605632.0,229376,1835008.0,16,4.0,8.0,8.0,212992.0,,346688,346685,346701,346692,346692,346670,346708,346684,350218,346709
128x128x128w32-16-32,128,128,128,32,16,32,32-16-32,0,81920,4096,32,8192,128x128x128w32-16-32,0,4096,8192,32768,16,4096,512,0,32,1024,0,1024,4,2,32,8,4,5,2,32,8,5,65536.0,3932160.0,245760.0,1720320.0,245760,1966080.0,32,4.0,8.0,4.0,212992.0,,313244,313232,313232,313243,313264,313253,313259,313244,317026,313271
128x128x128w32-16-8,128,128,128,32,16,8,32-16-8,0,100352,1024,32,2048,128x128x128w32-16-8,0,1024,2048,14336,16,4096,512,0,8,256,0,4096,4,2,8,8,4,5,2,8,8,5,262144.0,3145728.0,196608.0,1376256.0,196608,1572864.0,8,4.0,8.0,16.0,212992.0,,422285,422279,422281,422301,422268,422271,422295,422279,425674,422307
128x128x128w32-32-16,128,128,128,32,32,16,32-32-16,0,81920,4096,32,8192,128x128x128w32-32-16,0,4096,4096,32768,32,8192,1024,0,16,512,0,1024,4,4,16,8,4,5,4,16,8,5,131072.0,3670016.0,229376.0,1605632.0,229376,1835008.0,16,4.0,4.0,8.0,147456.0,,349198,349174,349195,349233,349222,349249,349224,349240,352969,349257
128x128x128w32-32-32,128,128,128,32,32,32,32-32-32,0,65536,8192,32,16384,128x128x128w32-32-32,0,8192,8192,49152,32,8192,1024,0,32,1024,0,512,4,4,32,8,4,5,4,32,8,5,65536.0,3932160.0,245760.0,1720320.0,245760,1966080.0,32,4.0,4.0,4.0,147456.0,,320141,320121,320140,320195,320161,320202,320202,320202,324204,320205
128x128x128w32-32-8,128,128,128,32,32,8,32-32-8,0,90112,2048,32,4096,128x128x128w32-32-8,0,2048,2048,24576,32,8192,1024,0,8,256,0,2048,4,4,8,8,4,5,4,8,8,5,262144.0,3145728.0,196608.0,1376256.0,196608,1572864.0,8,4.0,4.0,16.0,147456.0,,396119,396106,396121,396149,396132,396082,396107,396098,399694,396155
128x128x128w32-8-16,128,128,128,32,8,16,32-8-16,0,100352,1024,32,2048,128x128x128w32-8-16,0,1024,4096,14336,8,2048,256,0,16,512,0,4096,4,1,16,8,4,5,1,16,8,5,131072.0,3670016.0,229376.0,1605632.0,229376,1835008.0,16,4.0,16.0,8.0,344064.0,,411382,411376,411376,411378,411360,411384,411376,411374,414802,411392
128x128x128w32-8-32,128,128,128,32,8,32,32-8-32,0,90112,2048,32,4096,128x128x128w32-8-32,0,2048,8192,24576,8,2048,256,0,32,1024,0,2048,4,1,32,8,4,5,1,32,8,5,65536.0,3932160.0,245760.0,1720320.0,245760,1966080.0,32,4.0,16.0,4.0,344064.0,,340702,340701,340702,340717,340685,340710,340697,340695,344371,340723
128x128x128w32-8-8,128,128,128,32,8,8,32-8-8,0,105472,512,32,1024,128x128x128w32-8-8,0,512,2048,9216,8,2048,256,0,8,256,0,8192,4,1,8,8,4,5,1,8,8,5,262144.0,3145728.0,196608.0,1376256.0,196608,1572864.0,8,4.0,16.0,16.0,344064.0,,533823,533818,533818,533827,533825,533819,533819,533828,537160,533834
128x128x128w64-16-16,128,128,128,64,16,16,64-16-16,0,77824,2048,64,4096,128x128x128w64-16-16,0,2048,8192,36864,16,8192,1024,0,16,1024,0,1024,8,2,16,8,8,9,2,16,8,9,131072.0,3670016.0,229376.0,1605632.0,229376,1835008.0,16,2.0,8.0,8.0,180224.0,,317461,317458,317479,317475,317486,317464,317473,317484,321399,317493
128x128x128w64-16-8,128,128,128,64,16,8,64-16-8,0,88064,1024,64,2048,128x128x128w64-16-8,0,1024,4096,26624,16,8192,1024,0,8,512,0,2048,8,2,8,8,8,9,2,8,8,9,262144.0,3145728.0,196608.0,1376256.0,196608,1572864.0,8,2.0,8.0,16.0,180224.0,,364339,364343,364331,364328,364321,364331,364367,364361,368146,364368
128x128x128w64-8-16,128,128,128,64,8,16,64-8-16,0,88064,1024,64,2048,128x128x128w64-8-16,0,1024,8192,26624,8,4096,512,0,16,1024,0,2048,8,1,16,8,8,9,1,16,8,9,131072.0,3670016.0,229376.0,1605632.0,229376,1835008.0,16,2.0,16.0,8.0,311296.0,,347667,347665,347669,347667,347670,347658,347666,347646,351473,347677
128x128x128w64-8-8,128,128,128,64,8,8,64-8-8,0,97280,512,64,1024,128x128x128w64-8-8,0,512,4096,17408,8,4096,512,0,8,512,0,4096,8,1,8,8,8,9,1,8,8,9,262144.0,3145728.0,196608.0,1376256.0,196608,1572864.0,8,2.0,16.0,16.0,311296.0,,417874,417873,417874,417880,417891,417903,417894,417894,421577,417904
128x128x128w8-128-8,128,128,128,8,128,8,8-128-8,0,80896,8192,8,16384,128x128x128w8-128-8,0,8192,512,33792,128,8192,1024,0,8,64,0,2048,1,16,8,8,1,2,16,8,8,2,262144.0,3145728.0,196608.0,1376256.0,196608,1572864.0,8,16.0,1.0,16.0,294912.0,,397431,397418,397433,397461,397444,397402,397419,397410,400977,397468
128x128x128w8-16-16,128,128,128,8,16,16,8-16-16,0,106496,2048,8,4096,128x128x128w8-16-16,0,2048,1024,8192,16,1024,128,0,16,128,0,8192,1,2,16,8,1,2,2,16,8,2,131072.0,3670016.0,229376.0,1605632.0,229376,1835008.0,16,16.0,8.0,8.0,409600.0,,520203,520203,520204,520206,520206,520216,520203,520200,523358,520217
128x128x128w8-16-32,128,128,128,8,16,32,8-16-32,0,100352,4096,8,8192,128x128x128w8-16-32,0,4096,2048,14336,16,1024,128,0,32,256,0,4096,1,2,32,8,1,2,2,32,8,2,65536.0,3932160.0,245760.0,1720320.0,245760,1966080.0,32,16.0,8.0,4.0,409600.0,,401278,401272,401278,401274,401277,401281,401286,401289,404561,401291
128x128x128w8-16-64,128,128,128,8,16,64,8-16-64,0,88064,8192,8,16384,128x128x128w8-16-64,0,8192,4096,26624,16,1024,128,0,64,512,0,2048,1,2,64,8,1,2,2,64,8,2,32768.0,4063232.0,253952.0,1777664.0,253952,2031616.0,64,16.0,8.0,2.0,409600.0,,340286,340288,340286,340310,340275,340295,340284,340282,343809,340316
128x128x128w8-16-8,128,128,128,8,16,8,8-16-8,0,109568,1024,8,2048,128x128x128w8-16-8,0,1024,512,5120,16,1024,128,0,8,64,0,16384,1,2,8,8,1,2,2,8,8,2,262144.0,3145728.0,196608.0,1376256.0,196608,1572864.0,8,16.0,8.0,16.0,409600.0,,773080,773066,773082,773066,773066,773072,773079,773079,776152,773087
128x128x128w8-32-16,128,128,128,8,32,16,8-32-16,0,100352,4096,8,8192,128x128x128w8-32-16,0,4096,1024,14336,32,2048,256,0,16,128,0,4096,1,4,16,8,1,2,4,16,8,2,131072.0,3670016.0,229376.0,1605632.0,229376,1835008.0,16,16.0,4.0,8.0,344064.0,,441307,441271,441311,441313,441297,441301,441320,441312,444563,441321
128x128x128w8-32-32,128,128,128,8,32,32,8-32-32,0,90112,8192,8,16384,128x128x128w8-32-32,0,8192,2048,24576,32,2048,256,0,32,256,0,2048,1,4,32,8,1,2,4,32,8,2,65536.0,3932160.0,245760.0,1720320.0,245760,1966080.0,32,16.0,4.0,4.0,344064.0,,371100,371108,371085,371085,371083,371092,371100,371100,374615,371113
128x128x128w8-32-8,128,128,128,8,32,8,8-32-8,0,105472,2048,8,4096,128x128x128w8-32-8,0,2048,512,9216,32,2048,256,0,8,64,0,8192,1,4,8,8,1,2,4,8,8,2,262144.0,3145728.0,196608.0,1376256.0,196608,1572864.0,8,16.0,4.0,16.0,344064.0,0.0,578124,578113,578126,578113,578134,578116,578142,578143,581274,578145
128x128x128w8-64-16,128,128,128,8,64,16,8-64-16,0,88064,8192,8,16384,128x128x128w8-64-16,0,8192,1024,26624,64,4096,512,0,16,128,0,2048,1,8,16,8,1,2,8,16,8,2,131072.0,3670016.0,229376.0,1605632.0,229376,1835008.0,16,16.0,2.0,8.0,311296.0,,381716,381722,381717,381731,381723,381684,381701,381713,385170,381737
128x128x128w8-64-8,128,128,128,8,64,8,8-64-8,0,97280,4096,8,8192,128x128x128w8-64-8,0,4096,512,17408,64,4096,512,0,8,64,0,4096,1,8,8,8,1,2,8,8,8,2,262144.0,3145728.0,196608.0,1376256.0,196608,1572864.0,8,16.0,2.0,16.0,311296.0,,458183,458172,458194,458189,458195,458180,458212,458196,461473,458213
128x128x128w8-8-128,128,128,128,8,8,128,8-8-128,0,80896,8192,8,16384,128x128x128w8-8-128,0,8192,8192,33792,8,512,64,0,128,1024,0,2048,1,1,128,8,1,2,1,128,8,2,16384.0,4128768.0,258048.0,1806336.0,258048,2064384.0,128,16.0,16.0,1.0,540672.0,,312661,312662,312664,312672,312649,312656,312655,312659,316141,312673
128x128x128w8-8-16,128,128,128,8,8,16,8-8-16,0,109568,1024,8,2048,128x128x128w8-8-16,0,1024,1024,5120,8,512,64,0,16,128,0,16384,1,1,16,8,1,2,1,16,8,2,131072.0,3670016.0,229376.0,1605632.0,229376,1835008.0,16,16.0,16.0,8.0,540672.0,,755665,755662,755674,755668,755671,755673,755662,755660,758769,755681
128x128x128w8-8-32,128,128,128,8,8,32,8-8-32,0,105472,2048,8,4096,128x128x128w8-8-32,0,2048,2048,9216,8,512,64,0,32,256,0,8192,1,1,32,8,1,2,1,32,8,2,65536.0,3932160.0,245760.0,1720320.0,245760,1966080.0,32,16.0,16.0,4.0,540672.0,,513505,513505,513506,513484,513488,513495,513501,513504,516716,513511
128x128x128w8-8-64,128,128,128,8,8,64,8-8-64,0,97280,4096,8,8192,128x128x128w8-8-64,0,4096,4096,17408,8,512,64,0,64,512,0,4096,1,1,64,8,1,2,1,64,8,2,32768.0,4063232.0,253952.0,1777664.0,253952,2031616.0,64,16.0,16.0,2.0,540672.0,,396229,396237,396234,396242,396251,396243,396249,396247,399643,396258
128x128x128w8-8-8,128,128,128,8,8,8,8-8-8,0,111616,512,8,1024,128x128x128w8-8-8,0,512,512,3072,8,512,64,0,8,64,0,32768,1,1,8,8,1,2,1,8,8,2,262144.0,3145728.0,196608.0,1376256.0,196608,1572864.0,8,16.0,16.0,16.0,540672.0,,1209558,1209559,1209542,1209542,1209542,1209544,1209559,1209553,1212585,1209563
