FakeNN JSON Name,M,N,K,m,n,k,JSON Name,Kernel Name,Reused Streaming Loads,HW Loop Iters,Weight Matrix Tile Size,Case,Microkernel Count,Regular Loads,Reduction Dim,Microkernel Row Dim,Space Remaining,Total Streaming Loads,Outer Loop Iters,Total Time,Kernel Time,HW Loop Body,Microkernel Reduction Dim,Other Streaming Loads,Start Reuse Streaming Loads,Space Needed in L1,Row Dim
1x600x400w1-24-8,1,600,400,1,24,8,0-24-8,main$async_dispatch_7_matmul_transpose_b_1x600x400_f64,160000,8,192,1,10000,30000,8,3,82464,480000,1,1251170,182693,3,8,240000,80000,3136,24
1x600x400w1-24-10,1,600,400,1,24,10,0-24-10,main$async_dispatch_7_matmul_transpose_b_1x600x400_f64,160000,10,240,1,8000,24000,10,3,81680,480000,1,1224154,155677,3,10,240000,80000,3920,24
1x600x400w1-24-16,1,600,400,1,24,16,0-24-16,main$async_dispatch_7_matmul_transpose_b_1x600x400_f64,160000,16,384,1,5000,15000,16,3,79328,480000,1,1188876,121377,3,16,240000,80000,6272,24
1x600x400w1-24-20,1,600,400,1,24,20,0-24-20,main$async_dispatch_7_matmul_transpose_b_1x600x400_f64,160000,20,480,1,4000,12000,20,3,77760,480000,1,1169240,100733,3,20,240000,80000,7840,24
1x600x400w1-24-25,1,600,400,1,24,25,0-24-25,main$async_dispatch_7_matmul_transpose_b_1x600x400_f64,160000,25,600,1,3200,9600,25,3,75800,480000,1,1156963,90199,3,25,240000,80000,9800,24
1x600x400w1-24-40,1,600,400,1,24,40,0-24-40,main$async_dispatch_7_matmul_transpose_b_1x600x400_f64,160000,40,960,1,2000,6000,40,3,69920,480000,1,1137646,72214,3,40,240000,80000,15680,24
1x600x400w1-24-50,1,600,400,1,24,50,0-24-50,main$async_dispatch_7_matmul_transpose_b_1x600x400_f64,160000,50,1200,1,1600,4800,50,3,66000,480000,1,1131602,66700,3,50,240000,80000,19600,24
1x600x400w1-24-80,1,600,400,1,24,80,0-24-80,main$async_dispatch_7_matmul_transpose_b_1x600x400_f64,160000,80,1920,1,1000,3000,80,3,54240,480000,1,1127611,61698,3,80,240000,80000,31360,24
1x600x400w1-24-100,1,600,400,1,24,100,0-24-100,main$async_dispatch_7_matmul_transpose_b_1x600x400_f64,160000,100,2400,1,800,2400,100,3,46400,480000,1,1120160,54425,3,100,240000,80000,39200,24
1x600x400w1-24-200,1,600,400,1,24,200,0-24-200,main$async_dispatch_7_matmul_transpose_b_1x600x400_f64,160000,200,4800,1,400,1200,200,3,7200,480000,1,1118206,49157,3,200,240000,80000,78400,24
1x600x400w1-40-8,1,600,400,1,40,8,0-40-8,main$async_dispatch_7_matmul_transpose_b_1x600x400_f64,192000,8,320,1,6000,30000,8,5,80416,480000,1,1203365,137909,5,8,240000,48000,5184,40
1x600x400w1-40-10,1,600,400,1,40,10,0-40-10,main$async_dispatch_7_matmul_transpose_b_1x600x400_f64,192000,10,400,1,4800,24000,10,5,79120,480000,1,1183515,116911,5,10,240000,48000,6480,40
1x600x400w1-40-16,1,600,400,1,40,16,0-40-16,main$async_dispatch_7_matmul_transpose_b_1x600x400_f64,192000,16,640,1,3000,15000,16,5,75232,480000,1,1166873,101435,5,16,240000,48000,10368,40
1x600x400w1-40-20,1,600,400,1,40,20,0-40-20,main$async_dispatch_7_matmul_transpose_b_1x600x400_f64,192000,20,800,1,2400,12000,20,5,72640,480000,1,1147247,80643,5,20,240000,48000,12960,40
1x600x400w1-40-25,1,600,400,1,40,25,0-40-25,main$async_dispatch_7_matmul_transpose_b_1x600x400_f64,192000,25,1000,1,1920,9600,25,5,69400,480000,1,1138687,72071,5,25,240000,48000,16200,40
1x600x400w1-40-40,1,600,400,1,40,40,0-40-40,main$async_dispatch_7_matmul_transpose_b_1x600x400_f64,192000,40,1600,1,1200,6000,40,5,59680,480000,1,1123443,56839,5,40,240000,48000,25920,40
1x600x400w1-40-50,1,600,400,1,40,50,0-40-50,main$async_dispatch_7_matmul_transpose_b_1x600x400_f64,192000,50,2000,1,960,4800,50,5,53200,480000,1,1123279,57841,5,50,240000,48000,32400,40
1x600x400w1-40-80,1,600,400,1,40,80,0-40-80,main$async_dispatch_7_matmul_transpose_b_1x600x400_f64,192000,80,3200,1,600,3000,80,5,33760,480000,1,1120404,55704,5,80,240000,48000,51840,40
1x600x400w1-40-100,1,600,400,1,40,100,0-40-100,main$async_dispatch_7_matmul_transpose_b_1x600x400_f64,192000,100,4000,1,480,2400,100,5,20800,480000,1,1112609,47182,5,100,240000,48000,64800,40
1x600x400w1-120-8,1,600,400,1,120,8,0-120-8,main$async_dispatch_7_matmul_transpose_b_1x600x400_f64,192000,8,960,1,2000,30000,8,15,70176,480000,3,1241106,176869,5,8,240000,48000,15424,120
1x600x400w1-120-10,1,600,400,1,120,10,0-120-10,main$async_dispatch_7_matmul_transpose_b_1x600x400_f64,192000,10,1200,1,1600,24000,10,15,66320,480000,3,1209487,144604,5,10,240000,48000,19280,120
1x600x400w1-120-16,1,600,400,1,120,16,0-120-16,main$async_dispatch_7_matmul_transpose_b_1x600x400_f64,192000,16,1920,1,1000,15000,16,15,54752,480000,3,1156326,93118,5,16,240000,48000,30848,120
1x600x400w1-120-20,1,600,400,1,120,20,0-120-20,main$async_dispatch_7_matmul_transpose_b_1x600x400_f64,192000,20,2400,1,800,12000,20,15,47040,480000,3,1141970,76843,5,20,240000,48000,38560,120
1x600x400w1-120-25,1,600,400,1,120,25,0-120-25,main$async_dispatch_7_matmul_transpose_b_1x600x400_f64,192000,25,3000,1,640,9600,25,15,37400,480000,3,1132361,68129,5,25,240000,48000,48200,120
1x600x400w1-120-40,1,600,400,1,120,40,0-120-40,main$async_dispatch_7_matmul_transpose_b_1x600x400_f64,192000,40,4800,1,400,6000,40,15,8480,480000,3,1116277,53235,5,40,240000,48000,77120,120
1x600x400w1-200-8,1,600,400,1,200,8,0-200-8,main$async_dispatch_7_matmul_transpose_b_1x600x400_f64,192000,8,1600,1,1200,30000,8,25,59936,480000,5,1247325,182166,5,8,240000,48000,25664,200
1x600x400w1-200-10,1,600,400,1,200,10,0-200-10,main$async_dispatch_7_matmul_transpose_b_1x600x400_f64,192000,10,2000,1,960,24000,10,25,53520,480000,5,1215582,150544,5,10,240000,48000,32080,200
1x600x400w1-200-16,1,600,400,1,200,16,0-200-16,main$async_dispatch_7_matmul_transpose_b_1x600x400_f64,192000,16,3200,1,600,15000,16,25,34272,480000,5,1158589,93733,5,16,240000,48000,51328,200
1x600x400w1-200-20,1,600,400,1,200,20,0-200-20,main$async_dispatch_7_matmul_transpose_b_1x600x400_f64,192000,20,4000,1,480,12000,20,25,21440,480000,5,1144249,79381,5,20,240000,48000,64160,200
1x600x400w1-200-25,1,600,400,1,200,25,0-200-25,main$async_dispatch_7_matmul_transpose_b_1x600x400_f64,192000,25,5000,1,384,9600,25,25,5400,480000,5,1134743,69417,5,25,240000,48000,80200,200
1x600x400w1-600-8,1,600,400,1,600,8,0-600-8,main$async_dispatch_7_matmul_transpose_b_1x600x400_f64,192000,8,4800,1,400,30000,8,75,8736,480000,15,1198268,133893,5,8,240000,48000,76864,600
