FakeNN JSON Name,M,N,K,m,n,k,JSON Name,Row Dim,Mpad,m Dim,tileB,Weight Matrix Tile Size,padding,Original Name,tileA,Space Needed in L1,tileA_cc,Kpad,tileC_cc,tileC,Npad,Space Remaining,tileB_cc,Reduction Dim,m_tiles,n_tiles,k_tiles,SSR Config Count,Regular Loads,mPrime Little VecMat Runs,mPrime UnrollAndJam Loop Iters,mPrime HW Loop Iters,mPrime HW Loop Body Size,mPrime,Little K,mHat Little VecMat Runs,mHat UnrollAndJam Loop Iters,mHat HW Loop Iters,mHat HW Loop Body Size,mHat,L3 Loads,L3 Stores,SSR Loads,FMADDs,MULs,HW Loops,HW Loops / SSR Loads,A Not Reused SSR Loads,A SSR Reuse Loads,A SSR Start Reuse Loads,B SSR Loads,A SSR Loads,Total SSR Loads
512x512x512w8-128-8,512,512,512,8,128,8,8-128-8,128,0,8,8192,16384,000,512x512x512w8-128-8,512,33792,64,0,1024,8192,0,80896,8192,8,64,4,64,131072,0,1,16,8,8,1,8,2,16,8,8,2,17825792,16777216,268435456.0,134217728.0,16777216.0,2097152.0,128.0,16777216.0,117440512.0,16777216.0,134217728.0,134217728.0,268435456.0
512x512x512w8-8-8,512,512,512,8,8,8,8-8-8,8,0,8,512,1024,000,512x512x512w8-8-8,512,3072,64,0,64,512,0,111616,512,8,64,64,64,2097152,0,1,1,8,8,1,8,2,1,8,8,2,33554432,16777216,268435456.0,134217728.0,16777216.0,2097152.0,2048.0,16777216.0,117440512.0,16777216.0,134217728.0,134217728.0,268435456.0
512x512x512w8-8-16,512,512,512,8,8,16,8-8-16,8,0,8,1024,2048,000,512x512x512w8-8-16,1024,5120,128,0,64,512,0,109568,1024,16,64,64,32,1048576,0,1,1,16,8,1,16,2,1,16,8,2,33554432,8388608,268435456.0,134217728.0,8388608.0,1048576.0,512.0,16777216.0,117440512.0,16777216.0,134217728.0,134217728.0,268435456.0
512x512x512w8-8-32,512,512,512,8,8,32,8-8-32,8,0,8,2048,4096,000,512x512x512w8-8-32,2048,9216,256,0,64,512,0,105472,2048,32,64,64,16,524288,0,1,1,32,8,1,32,2,1,32,8,2,33554432,4194304,268435456.0,134217728.0,4194304.0,524288.0,128.0,16777216.0,117440512.0,16777216.0,134217728.0,134217728.0,268435456.0
512x512x512w8-8-64,512,512,512,8,8,64,8-8-64,8,0,8,4096,8192,000,512x512x512w8-8-64,4096,17408,512,0,64,512,0,97280,4096,64,64,64,8,262144,0,1,1,64,8,1,64,2,1,64,8,2,33554432,2097152,268435456.0,134217728.0,2097152.0,262144.0,32.0,16777216.0,117440512.0,16777216.0,134217728.0,134217728.0,268435456.0
512x512x512w8-8-128,512,512,512,8,8,128,8-8-128,8,0,8,8192,16384,000,512x512x512w8-8-128,8192,33792,1024,0,64,512,0,80896,8192,128,64,64,4,131072,0,1,1,128,8,1,128,2,1,128,8,2,33554432,1048576,268435456.0,134217728.0,1048576.0,131072.0,8.0,16777216.0,117440512.0,16777216.0,134217728.0,134217728.0,268435456.0
512x512x512w8-16-8,512,512,512,8,16,8,8-16-8,16,0,8,1024,2048,000,512x512x512w8-16-8,512,5120,64,0,128,1024,0,109568,1024,8,64,32,64,1048576,0,1,2,8,8,1,8,2,2,8,8,2,25165824,16777216,268435456.0,134217728.0,16777216.0,2097152.0,1024.0,16777216.0,117440512.0,16777216.0,134217728.0,134217728.0,268435456.0
512x512x512w8-16-16,512,512,512,8,16,16,8-16-16,16,0,8,2048,4096,000,512x512x512w8-16-16,1024,8192,128,0,128,1024,0,106496,2048,16,64,32,32,524288,0,1,2,16,8,1,16,2,2,16,8,2,25165824,8388608,268435456.0,134217728.0,8388608.0,1048576.0,256.0,16777216.0,117440512.0,16777216.0,134217728.0,134217728.0,268435456.0
512x512x512w8-16-32,512,512,512,8,16,32,8-16-32,16,0,8,4096,8192,000,512x512x512w8-16-32,2048,14336,256,0,128,1024,0,100352,4096,32,64,32,16,262144,0,1,2,32,8,1,32,2,2,32,8,2,25165824,4194304,268435456.0,134217728.0,4194304.0,524288.0,64.0,16777216.0,117440512.0,16777216.0,134217728.0,134217728.0,268435456.0
512x512x512w8-16-64,512,512,512,8,16,64,8-16-64,16,0,8,8192,16384,000,512x512x512w8-16-64,4096,26624,512,0,128,1024,0,88064,8192,64,64,32,8,131072,0,1,2,64,8,1,64,2,2,64,8,2,25165824,2097152,268435456.0,134217728.0,2097152.0,262144.0,16.0,16777216.0,117440512.0,16777216.0,134217728.0,134217728.0,268435456.0
512x512x512w8-32-8,512,512,512,8,32,8,8-32-8,32,0,8,2048,4096,000,512x512x512w8-32-8,512,9216,64,0,256,2048,0,105472,2048,8,64,16,64,524288,0,1,4,8,8,1,8,2,4,8,8,2,20971520,16777216,268435456.0,134217728.0,16777216.0,2097152.0,512.0,16777216.0,117440512.0,16777216.0,134217728.0,134217728.0,268435456.0
512x512x512w8-32-16,512,512,512,8,32,16,8-32-16,32,0,8,4096,8192,000,512x512x512w8-32-16,1024,14336,128,0,256,2048,0,100352,4096,16,64,16,32,262144,0,1,4,16,8,1,16,2,4,16,8,2,20971520,8388608,268435456.0,134217728.0,8388608.0,1048576.0,128.0,16777216.0,117440512.0,16777216.0,134217728.0,134217728.0,268435456.0
512x512x512w8-32-32,512,512,512,8,32,32,8-32-32,32,0,8,8192,16384,000,512x512x512w8-32-32,2048,24576,256,0,256,2048,0,90112,8192,32,64,16,16,131072,0,1,4,32,8,1,32,2,4,32,8,2,20971520,4194304,268435456.0,134217728.0,4194304.0,524288.0,32.0,16777216.0,117440512.0,16777216.0,134217728.0,134217728.0,268435456.0
512x512x512w8-64-8,512,512,512,8,64,8,8-64-8,64,0,8,4096,8192,000,512x512x512w8-64-8,512,17408,64,0,512,4096,0,97280,4096,8,64,8,64,262144,0,1,8,8,8,1,8,2,8,8,8,2,18874368,16777216,268435456.0,134217728.0,16777216.0,2097152.0,256.0,16777216.0,117440512.0,16777216.0,134217728.0,134217728.0,268435456.0
512x512x512w8-64-16,512,512,512,8,64,16,8-64-16,64,0,8,8192,16384,000,512x512x512w8-64-16,1024,26624,128,0,512,4096,0,88064,8192,16,64,8,32,131072,0,1,8,16,8,1,16,2,8,16,8,2,18874368,8388608,268435456.0,134217728.0,8388608.0,1048576.0,64.0,16777216.0,117440512.0,16777216.0,134217728.0,134217728.0,268435456.0
512x512x512w16-8-8,512,512,512,16,8,8,16-8-8,8,0,16,512,1024,000,512x512x512w16-8-8,1024,5120,128,0,128,1024,0,109568,512,8,32,64,64,1048576,0,2,1,8,8,2,8,3,1,8,8,3,25165824,16777216,268435456.0,134217728.0,16777216.0,2097152.0,1024.0,16777216.0,117440512.0,16777216.0,134217728.0,134217728.0,268435456.0
512x512x512w16-8-16,512,512,512,16,8,16,16-8-16,8,0,16,1024,2048,000,512x512x512w16-8-16,2048,8192,256,0,128,1024,0,106496,1024,16,32,64,32,524288,0,2,1,16,8,2,16,3,1,16,8,3,25165824,8388608,268435456.0,134217728.0,8388608.0,1048576.0,256.0,16777216.0,117440512.0,16777216.0,134217728.0,134217728.0,268435456.0
512x512x512w16-8-32,512,512,512,16,8,32,16-8-32,8,0,16,2048,4096,000,512x512x512w16-8-32,4096,14336,512,0,128,1024,0,100352,2048,32,32,64,16,262144,0,2,1,32,8,2,32,3,1,32,8,3,25165824,4194304,268435456.0,134217728.0,4194304.0,524288.0,64.0,16777216.0,117440512.0,16777216.0,134217728.0,134217728.0,268435456.0
512x512x512w16-8-64,512,512,512,16,8,64,16-8-64,8,0,16,4096,8192,000,512x512x512w16-8-64,8192,26624,1024,0,128,1024,0,88064,4096,64,32,64,8,131072,0,2,1,64,8,2,64,3,1,64,8,3,25165824,2097152,268435456.0,134217728.0,2097152.0,262144.0,16.0,16777216.0,117440512.0,16777216.0,134217728.0,134217728.0,268435456.0
512x512x512w16-16-8,512,512,512,16,16,8,16-16-8,16,0,16,1024,2048,000,512x512x512w16-16-8,1024,8192,128,0,256,2048,0,106496,1024,8,32,32,64,524288,0,2,2,8,8,2,8,3,2,8,8,3,16777216,16777216,268435456.0,134217728.0,16777216.0,2097152.0,512.0,16777216.0,117440512.0,16777216.0,134217728.0,134217728.0,268435456.0
512x512x512w16-16-16,512,512,512,16,16,16,16-16-16,16,0,16,2048,4096,000,512x512x512w16-16-16,2048,12288,256,0,256,2048,0,102400,2048,16,32,32,32,262144,0,2,2,16,8,2,16,3,2,16,8,3,16777216,8388608,268435456.0,134217728.0,8388608.0,1048576.0,128.0,16777216.0,117440512.0,16777216.0,134217728.0,134217728.0,268435456.0
512x512x512w16-16-32,512,512,512,16,16,32,16-16-32,16,0,16,4096,8192,000,512x512x512w16-16-32,4096,20480,512,0,256,2048,0,94208,4096,32,32,32,16,131072,0,2,2,32,8,2,32,3,2,32,8,3,16777216,4194304,268435456.0,134217728.0,4194304.0,524288.0,32.0,16777216.0,117440512.0,16777216.0,134217728.0,134217728.0,268435456.0
512x512x512w16-16-64,512,512,512,16,16,64,16-16-64,16,0,16,8192,16384,000,512x512x512w16-16-64,8192,36864,1024,0,256,2048,0,77824,8192,64,32,32,8,65536,0,2,2,64,8,2,64,3,2,64,8,3,16777216,2097152,268435456.0,134217728.0,2097152.0,262144.0,8.0,16777216.0,117440512.0,16777216.0,134217728.0,134217728.0,268435456.0
512x512x512w16-32-8,512,512,512,16,32,8,16-32-8,32,0,16,2048,4096,000,512x512x512w16-32-8,1024,14336,128,0,512,4096,0,100352,2048,8,32,16,64,262144,0,2,4,8,8,2,8,3,4,8,8,3,12582912,16777216,268435456.0,134217728.0,16777216.0,2097152.0,256.0,16777216.0,117440512.0,16777216.0,134217728.0,134217728.0,268435456.0
512x512x512w16-32-16,512,512,512,16,32,16,16-32-16,32,0,16,4096,8192,000,512x512x512w16-32-16,2048,20480,256,0,512,4096,0,94208,4096,16,32,16,32,131072,0,2,4,16,8,2,16,3,4,16,8,3,12582912,8388608,268435456.0,134217728.0,8388608.0,1048576.0,64.0,16777216.0,117440512.0,16777216.0,134217728.0,134217728.0,268435456.0
512x512x512w16-32-32,512,512,512,16,32,32,16-32-32,32,0,16,8192,16384,000,512x512x512w16-32-32,4096,32768,512,0,512,4096,0,81920,8192,32,32,16,16,65536,0,2,4,32,8,2,32,3,4,32,8,3,12582912,4194304,268435456.0,134217728.0,4194304.0,524288.0,16.0,16777216.0,117440512.0,16777216.0,134217728.0,134217728.0,268435456.0
512x512x512w16-64-8,512,512,512,16,64,8,16-64-8,64,0,16,4096,8192,000,512x512x512w16-64-8,1024,26624,128,0,1024,8192,0,88064,4096,8,32,8,64,131072,0,2,8,8,8,2,8,3,8,8,8,3,10485760,16777216,268435456.0,134217728.0,16777216.0,2097152.0,128.0,16777216.0,117440512.0,16777216.0,134217728.0,134217728.0,268435456.0
512x512x512w16-64-16,512,512,512,16,64,16,16-64-16,64,0,16,8192,16384,000,512x512x512w16-64-16,2048,36864,256,0,1024,8192,0,77824,8192,16,32,8,32,65536,0,2,8,16,8,2,16,3,8,16,8,3,10485760,8388608,268435456.0,134217728.0,8388608.0,1048576.0,32.0,16777216.0,117440512.0,16777216.0,134217728.0,134217728.0,268435456.0
512x512x512w32-8-8,512,512,512,32,8,8,32-8-8,8,0,32,512,1024,000,512x512x512w32-8-8,2048,9216,256,0,256,2048,0,105472,512,8,16,64,64,524288,0,4,1,8,8,4,8,5,1,8,8,5,20971520,16777216,268435456.0,134217728.0,16777216.0,2097152.0,512.0,16777216.0,117440512.0,16777216.0,134217728.0,134217728.0,268435456.0
512x512x512w32-8-16,512,512,512,32,8,16,32-8-16,8,0,32,1024,2048,000,512x512x512w32-8-16,4096,14336,512,0,256,2048,0,100352,1024,16,16,64,32,262144,0,4,1,16,8,4,16,5,1,16,8,5,20971520,8388608,268435456.0,134217728.0,8388608.0,1048576.0,128.0,16777216.0,117440512.0,16777216.0,134217728.0,134217728.0,268435456.0
512x512x512w32-8-32,512,512,512,32,8,32,32-8-32,8,0,32,2048,4096,000,512x512x512w32-8-32,8192,24576,1024,0,256,2048,0,90112,2048,32,16,64,16,131072,0,4,1,32,8,4,32,5,1,32,8,5,20971520,4194304,268435456.0,134217728.0,4194304.0,524288.0,32.0,16777216.0,117440512.0,16777216.0,134217728.0,134217728.0,268435456.0
512x512x512w32-16-8,512,512,512,32,16,8,32-16-8,16,0,32,1024,2048,000,512x512x512w32-16-8,2048,14336,256,0,512,4096,0,100352,1024,8,16,32,64,262144,0,4,2,8,8,4,8,5,2,8,8,5,12582912,16777216,268435456.0,134217728.0,16777216.0,2097152.0,256.0,16777216.0,117440512.0,16777216.0,134217728.0,134217728.0,268435456.0
512x512x512w32-16-16,512,512,512,32,16,16,32-16-16,16,0,32,2048,4096,000,512x512x512w32-16-16,4096,20480,512,0,512,4096,0,94208,2048,16,16,32,32,131072,0,4,2,16,8,4,16,5,2,16,8,5,12582912,8388608,268435456.0,134217728.0,8388608.0,1048576.0,64.0,16777216.0,117440512.0,16777216.0,134217728.0,134217728.0,268435456.0
512x512x512w32-16-32,512,512,512,32,16,32,32-16-32,16,0,32,4096,8192,000,512x512x512w32-16-32,8192,32768,1024,0,512,4096,0,81920,4096,32,16,32,16,65536,0,4,2,32,8,4,32,5,2,32,8,5,12582912,4194304,268435456.0,134217728.0,4194304.0,524288.0,16.0,16777216.0,117440512.0,16777216.0,134217728.0,134217728.0,268435456.0
512x512x512w32-32-8,512,512,512,32,32,8,32-32-8,32,0,32,2048,4096,000,512x512x512w32-32-8,2048,24576,256,0,1024,8192,0,90112,2048,8,16,16,64,131072,0,4,4,8,8,4,8,5,4,8,8,5,8388608,16777216,268435456.0,134217728.0,16777216.0,2097152.0,128.0,16777216.0,117440512.0,16777216.0,134217728.0,134217728.0,268435456.0
512x512x512w32-32-16,512,512,512,32,32,16,32-32-16,32,0,32,4096,8192,000,512x512x512w32-32-16,4096,32768,512,0,1024,8192,0,81920,4096,16,16,16,32,65536,0,4,4,16,8,4,16,5,4,16,8,5,8388608,8388608,268435456.0,134217728.0,8388608.0,1048576.0,32.0,16777216.0,117440512.0,16777216.0,134217728.0,134217728.0,268435456.0
512x512x512w32-32-32,512,512,512,32,32,32,32-32-32,32,0,32,8192,16384,000,512x512x512w32-32-32,8192,49152,1024,0,1024,8192,0,65536,8192,32,16,16,16,32768,0,4,4,32,8,4,32,5,4,32,8,5,8388608,4194304,268435456.0,134217728.0,4194304.0,524288.0,8.0,16777216.0,117440512.0,16777216.0,134217728.0,134217728.0,268435456.0
512x512x512w64-8-8,512,512,512,64,8,8,64-8-8,8,0,64,512,1024,000,512x512x512w64-8-8,4096,17408,512,0,512,4096,0,97280,512,8,8,64,64,262144,0,8,1,8,8,8,8,9,1,8,8,9,18874368,16777216,268435456.0,134217728.0,16777216.0,2097152.0,256.0,16777216.0,117440512.0,16777216.0,134217728.0,134217728.0,268435456.0
512x512x512w64-8-16,512,512,512,64,8,16,64-8-16,8,0,64,1024,2048,000,512x512x512w64-8-16,8192,26624,1024,0,512,4096,0,88064,1024,16,8,64,32,131072,0,8,1,16,8,8,16,9,1,16,8,9,18874368,8388608,268435456.0,134217728.0,8388608.0,1048576.0,64.0,16777216.0,117440512.0,16777216.0,134217728.0,134217728.0,268435456.0
512x512x512w64-16-8,512,512,512,64,16,8,64-16-8,16,0,64,1024,2048,000,512x512x512w64-16-8,4096,26624,512,0,1024,8192,0,88064,1024,8,8,32,64,131072,0,8,2,8,8,8,8,9,2,8,8,9,10485760,16777216,268435456.0,134217728.0,16777216.0,2097152.0,128.0,16777216.0,117440512.0,16777216.0,134217728.0,134217728.0,268435456.0
512x512x512w64-16-16,512,512,512,64,16,16,64-16-16,16,0,64,2048,4096,000,512x512x512w64-16-16,8192,36864,1024,0,1024,8192,0,77824,2048,16,8,32,32,65536,0,8,2,16,8,8,16,9,2,16,8,9,10485760,8388608,268435456.0,134217728.0,8388608.0,1048576.0,32.0,16777216.0,117440512.0,16777216.0,134217728.0,134217728.0,268435456.0
512x512x512w128-8-8,512,512,512,128,8,8,128-8-8,8,0,128,512,1024,000,512x512x512w128-8-8,8192,33792,1024,0,1024,8192,0,80896,512,8,4,64,64,131072,0,16,1,8,8,16,8,17,1,8,8,17,17825792,16777216,268435456.0,134217728.0,16777216.0,2097152.0,128.0,16777216.0,117440512.0,16777216.0,134217728.0,134217728.0,268435456.0
