FakeNN JSON Name,Unnamed: 0,core0,core1,core2,core3,core4,core5,core6,core7,dma,Kernel Time
128x128x128w17-32-32,,412231.0,411181.0,411164.0,411179.0,411181.0,411196.0,411198.0,411198.0,455824.0,412234.0
128x128x128w18-32-32,,411811.0,411817.0,410771.0,410747.0,410737.0,410746.0,410754.0,410764.0,435809.0,411821.0
128x128x128w19-32-32,,355696.0,355706.0,355690.0,354639.0,354641.0,354664.0,354658.0,354658.0,400596.0,355711.0
128x128x128w20-32-32,,354818.0,354825.0,354832.0,354769.0,353746.0,353755.0,353754.0,353755.0,381910.0,354838.0
128x128x128w21-32-32,,358913.0,358887.0,358918.0,358891.0,358880.0,357834.0,357838.0,357848.0,383175.0,358924.0
128x128x128w22-32-26,,252082.0,252093.0,252087.0,252112.0,252074.0,252100.0,251261.0,251269.0,380989.0,252117.0
128x128x128w22-32-27,,248496.0,248490.0,248501.0,248526.0,248535.0,248559.0,247846.0,247846.0,375859.0,248566.0
128x128x128w22-32-28,,248066.0,248079.0,248065.0,248085.0,248083.0,248070.0,247487.0,247495.0,375068.0,248090.0
128x128x128w22-32-29,,249988.0,249971.0,250012.0,250013.0,250014.0,250037.0,249590.0,249604.0,377910.0,250044.0
128x128x128w22-32-30,,245930.0,245954.0,245940.0,245948.0,245930.0,245903.0,245637.0,245659.0,372169.0,245957.0
128x128x128w22-32-31,,246261.0,246292.0,246284.0,246300.0,246251.0,246291.0,246113.0,246114.0,372296.0,246303.0
128x128x128w22-32-32,,302046.0,302043.0,302045.0,302054.0,302024.0,302084.0,300973.0,300941.0,364605.0,302085.0
128x128x128w23-32-26,,252753.0,252746.0,252769.0,252763.0,252753.0,252739.0,252721.0,251887.0,362625.0,252773.0
128x128x128w23-32-27,,250921.0,250891.0,250909.0,250893.0,250924.0,250941.0,250942.0,250220.0,360127.0,250950.0
128x128x128w23-32-28,,250468.0,250475.0,250478.0,250489.0,250452.0,250465.0,250472.0,249904.0,359499.0,250493.0
128x128x128w23-32-29,,251198.0,251169.0,251178.0,251154.0,251168.0,251162.0,251199.0,250735.0,360454.0,251206.0
128x128x128w23-32-30,,248272.0,248264.0,248250.0,248281.0,248254.0,248250.0,248279.0,247966.0,356508.0,248286.0
128x128x128w23-32-31,,247251.0,247245.0,247262.0,247272.0,247223.0,247271.0,247265.0,247093.0,354971.0,247276.0
128x128x128w23-32-32,,303398.0,303418.0,303326.0,303429.0,303397.0,303433.0,303425.0,302302.0,347698.0,303436.0
128x128x128w24-32-26,,256692.0,256651.0,256687.0,256690.0,256688.0,256705.0,256713.0,256705.0,349935.0,256719.0
128x128x128w24-32-27,,255219.0,255213.0,255230.0,255239.0,255229.0,255234.0,255188.0,255231.0,347830.0,255246.0
128x128x128w24-32-28,,255354.0,255387.0,255371.0,255387.0,255379.0,255364.0,255344.0,255388.0,348213.0,255395.0
128x128x128w24-32-29,,253365.0,253348.0,253377.0,253347.0,253379.0,253354.0,253371.0,253371.0,345470.0,253383.0
128x128x128w24-32-30,,251066.0,251084.0,251075.0,251092.0,251075.0,251045.0,251077.0,251083.0,342558.0,251096.0
128x128x128w24-32-31,,250982.0,251001.0,250995.0,251023.0,251012.0,250965.0,250983.0,250985.0,342258.0,251027.0
128x128x128w24-32-32,,308298.0,308299.0,308308.0,308360.0,308327.0,308361.0,308353.0,308361.0,335471.0,308369.0
128x128x128w25-32-26,,324493.0,323676.0,323701.0,323730.0,323700.0,323710.0,323717.0,323718.0,431918.0,324494.0
128x128x128w25-32-27,,324506.0,323823.0,323829.0,323852.0,323813.0,323814.0,323842.0,323833.0,432015.0,324507.0
128x128x128w25-32-28,,322845.0,322290.0,322290.0,322313.0,322300.0,322276.0,322283.0,322287.0,429893.0,322846.0
128x128x128w25-32-29,,321026.0,320605.0,320617.0,320619.0,320582.0,320603.0,320609.0,320610.0,427567.0,321027.0
128x128x128w25-32-30,,318627.0,318316.0,318340.0,318343.0,318357.0,318325.0,318347.0,318297.0,424517.0,318628.0
128x128x128w25-32-31,,319021.0,318834.0,318864.0,318835.0,318873.0,318851.0,318857.0,318850.0,425114.0,319022.0
128x128x128w25-32-32,,386735.0,385708.0,385690.0,385703.0,385715.0,385737.0,385725.0,385731.0,411134.0,386739.0
128x128x128w26-24-32,,254437.0,254437.0,253651.0,253641.0,253617.0,253629.0,253630.0,253630.0,365139.0,254439.0
128x128x128w26-24-33,,193527.0,193531.0,192801.0,192789.0,192787.0,192794.0,192792.0,192828.0,366203.0,193533.0
128x128x128w26-24-34,,193275.0,193253.0,192621.0,192602.0,192590.0,192630.0,192614.0,192614.0,365690.0,193276.0
128x128x128w26-24-35,,193294.0,193300.0,192682.0,192703.0,192706.0,192728.0,192692.0,192740.0,365800.0,193302.0
128x128x128w26-24-36,,193248.0,193244.0,192749.0,192741.0,192757.0,192770.0,192731.0,192732.0,365603.0,193249.0
128x128x128w26-24-37,,193377.0,193381.0,192945.0,192961.0,192961.0,192988.0,192953.0,192951.0,366101.0,193383.0
128x128x128w26-24-38,,193435.0,193437.0,193079.0,193087.0,193089.0,193102.0,193075.0,193098.0,366140.0,193439.0
128x128x128w26-24-39,,193329.0,193347.0,193057.0,193068.0,193073.0,193077.0,193045.0,193056.0,366042.0,193349.0
128x128x128w26-32-22,,277383.0,277400.0,276618.0,276641.0,276655.0,276659.0,276665.0,276684.0,403475.0,277403.0
128x128x128w26-32-23,,276276.0,276262.0,275473.0,275473.0,275490.0,275508.0,275505.0,275516.0,401249.0,276278.0
128x128x128w26-32-24,,276083.0,276071.0,275288.0,275275.0,275306.0,275323.0,275329.0,275331.0,400515.0,276086.0
128x128x128w26-32-25,,276614.0,276597.0,275761.0,275755.0,275781.0,275817.0,275813.0,275826.0,401002.0,276615.0
128x128x128w26-32-26,,258626.0,258635.0,257764.0,257758.0,257772.0,257741.0,257765.0,257765.0,391207.0,258639.0
128x128x128w26-32-27,,260325.0,260330.0,259414.0,259450.0,259406.0,259418.0,259434.0,259434.0,392949.0,260332.0
128x128x128w26-32-28,,257850.0,257859.0,256924.0,256933.0,256925.0,256919.0,256917.0,256910.0,388316.0,257861.0
128x128x128w26-32-29,,257739.0,257743.0,256783.0,256770.0,256776.0,256769.0,256769.0,256785.0,387458.0,257745.0
128x128x128w26-32-30,,257068.0,257058.0,256067.0,256076.0,256056.0,256035.0,256072.0,256066.0,385406.0,257069.0
128x128x128w26-32-31,,258519.0,258507.0,257486.0,257470.0,257452.0,257469.0,257485.0,257469.0,386869.0,258521.0
128x128x128w26-32-32,,312353.0,312359.0,311238.0,311273.0,311273.0,311297.0,311297.0,311297.0,377647.0,312364.0
128x128x128w27-24-32,,254473.0,254469.0,254476.0,253701.0,253699.0,253707.0,253691.0,253672.0,364407.0,254479.0
128x128x128w27-24-33,,194354.0,194383.0,194352.0,193635.0,193661.0,193685.0,193662.0,193649.0,367052.0,194384.0
128x128x128w27-24-34,,193790.0,193794.0,193785.0,193161.0,193162.0,193181.0,193147.0,193180.0,366222.0,193798.0
128x128x128w27-24-35,,194413.0,194448.0,194418.0,193844.0,193867.0,193861.0,193861.0,193869.0,367364.0,194449.0
128x128x128w27-24-36,,194213.0,194244.0,194205.0,193705.0,193731.0,193718.0,193716.0,193742.0,366819.0,194245.0
128x128x128w27-24-37,,194485.0,194506.0,194483.0,194052.0,194086.0,194074.0,194072.0,194078.0,367315.0,194507.0
128x128x128w27-32-22,,275818.0,275837.0,275852.0,275077.0,275102.0,275135.0,275135.0,275135.0,398422.0,275855.0
128x128x128w27-32-23,,275059.0,275056.0,275062.0,274238.0,274296.0,274315.0,274307.0,274311.0,396977.0,275065.0
128x128x128w27-32-24,,277063.0,277052.0,277063.0,276241.0,276276.0,276304.0,276291.0,276288.0,399670.0,277066.0
128x128x128w27-32-25,,279164.0,279121.0,279136.0,278282.0,278325.0,278352.0,278340.0,278341.0,401890.0,279165.0
128x128x128w27-32-26,,261274.0,261254.0,261235.0,260417.0,260414.0,260426.0,260383.0,260408.0,392871.0,261275.0
128x128x128w27-32-27,,259788.0,259768.0,259756.0,258879.0,258871.0,258888.0,258862.0,258887.0,389757.0,259790.0
128x128x128w27-32-28,,258020.0,258008.0,258013.0,257092.0,257102.0,257087.0,257090.0,257084.0,386353.0,258021.0
128x128x128w27-32-29,,258063.0,258026.0,258060.0,257087.0,257095.0,257103.0,257087.0,257079.0,385670.0,258064.0
128x128x128w27-32-30,,257734.0,257731.0,257736.0,256752.0,256752.0,256762.0,256744.0,256736.0,384655.0,257739.0
128x128x128w27-32-31,,257705.0,257716.0,257725.0,256703.0,256687.0,256661.0,256669.0,256677.0,383874.0,257727.0
128x128x128w27-32-32,,312570.0,312542.0,312573.0,311466.0,311475.0,311492.0,311483.0,311500.0,375829.0,312579.0
128x128x128w28-24-32,,255648.0,255643.0,255673.0,255660.0,254841.0,254864.0,254891.0,254839.0,348930.0,255676.0
128x128x128w28-24-33,,194465.0,194451.0,194431.0,194467.0,193707.0,193733.0,193733.0,193733.0,350228.0,194473.0
128x128x128w28-24-34,,194311.0,194346.0,194319.0,194310.0,193687.0,193681.0,193676.0,193674.0,350016.0,194347.0
128x128x128w28-24-35,,194360.0,194380.0,194344.0,194360.0,193797.0,193786.0,193786.0,193786.0,350115.0,194381.0
128x128x128w28-24-36,,194324.0,194354.0,194317.0,194324.0,193842.0,193824.0,193829.0,193820.0,349995.0,194355.0
128x128x128w28-32-22,,277394.0,277413.0,277419.0,277428.0,276699.0,276721.0,276702.0,276703.0,383296.0,277432.0
128x128x128w28-32-23,,277506.0,277514.0,277514.0,277498.0,276754.0,276773.0,276765.0,276781.0,383112.0,277517.0
128x128x128w28-32-24,,278542.0,278547.0,278561.0,278531.0,277785.0,277787.0,277787.0,277795.0,384325.0,278564.0
128x128x128w28-32-25,,280018.0,280022.0,280034.0,280018.0,279195.0,279223.0,279220.0,279212.0,385720.0,280037.0
128x128x128w28-32-26,,260224.0,260229.0,260227.0,260240.0,259362.0,259363.0,259363.0,259363.0,373965.0,260244.0
128x128x128w28-32-27,,259480.0,259453.0,259477.0,259490.0,258574.0,258571.0,258561.0,258562.0,372006.0,259494.0
128x128x128w28-32-28,,258982.0,258972.0,258978.0,258989.0,258051.0,258051.0,258035.0,258043.0,370570.0,258994.0
128x128x128w28-32-29,,258804.0,258786.0,258800.0,258806.0,257838.0,257855.0,257821.0,257822.0,369554.0,258810.0
128x128x128w28-32-30,,257723.0,257701.0,257722.0,257759.0,256735.0,256760.0,256736.0,256736.0,367277.0,257763.0
128x128x128w28-32-31,,257898.0,257893.0,257861.0,257889.0,256832.0,256832.0,256842.0,256832.0,366592.0,257906.0
128x128x128w28-32-32,,313108.0,313116.0,313122.0,313110.0,312037.0,312053.0,312053.0,312053.0,359457.0,313128.0
128x128x128w29-24-32,,256291.0,256287.0,256294.0,256266.0,256273.0,255453.0,255471.0,255471.0,349076.0,256297.0
128x128x128w29-24-33,,195083.0,195081.0,195077.0,195092.0,195060.0,194349.0,194346.0,194348.0,350797.0,195095.0
128x128x128w29-24-34,,195027.0,195029.0,195023.0,195045.0,195007.0,194369.0,194403.0,194364.0,350512.0,195048.0
128x128x128w29-24-35,,195390.0,195398.0,195374.0,195416.0,195369.0,194826.0,194804.0,194802.0,351375.0,195419.0
128x128x128w29-32-22,,281059.0,281086.0,281084.0,281063.0,281104.0,280367.0,280359.0,280353.0,385646.0,281109.0
128x128x128w29-32-23,,279605.0,279608.0,279620.0,279577.0,279625.0,278846.0,278838.0,278846.0,383213.0,279630.0
128x128x128w29-32-24,,279504.0,279467.0,279483.0,279423.0,279498.0,278695.0,278695.0,278695.0,382638.0,279505.0
128x128x128w29-32-25,,278132.0,278134.0,278114.0,278121.0,278149.0,277305.0,277306.0,277306.0,380691.0,278154.0
128x128x128w29-32-26,,261667.0,261632.0,261656.0,261661.0,261666.0,260796.0,260787.0,260787.0,373418.0,261671.0
128x128x128w29-32-27,,260896.0,260901.0,260901.0,260896.0,260905.0,259973.0,259980.0,259980.0,371337.0,260910.0
128x128x128w29-32-28,,259958.0,259947.0,259963.0,259966.0,259958.0,259003.0,259025.0,259010.0,369453.0,259970.0
128x128x128w29-32-29,,260597.0,260594.0,260586.0,260596.0,260605.0,259629.0,259618.0,259627.0,369955.0,260611.0
128x128x128w29-32-30,,260914.0,260851.0,260901.0,260914.0,260930.0,259929.0,259902.0,259903.0,369624.0,260935.0
128x128x128w29-32-31,,260736.0,260744.0,260723.0,260747.0,260735.0,259701.0,259691.0,259691.0,368331.0,260750.0
128x128x128w29-32-32,,316179.0,316188.0,316153.0,316193.0,316165.0,315110.0,315119.0,315115.0,360577.0,316200.0
128x128x128w30-24-32,,257233.0,257213.0,257236.0,257259.0,257270.0,257273.0,256460.0,256437.0,333315.0,257279.0
128x128x128w30-24-33,,195827.0,195844.0,195822.0,195848.0,195819.0,195853.0,195102.0,195109.0,334937.0,195858.0
128x128x128w30-24-34,,195770.0,195774.0,195769.0,195779.0,195763.0,195808.0,195102.0,195135.0,334872.0,195813.0
128x128x128w30-32-22,,279940.0,279949.0,279914.0,279924.0,279948.0,279972.0,279203.0,279204.0,366605.0,279978.0
128x128x128w30-32-23,,278918.0,278934.0,278921.0,278869.0,278933.0,278970.0,278159.0,278151.0,364899.0,278976.0
128x128x128w30-32-24,,279545.0,279561.0,279574.0,279585.0,279583.0,279615.0,278788.0,278788.0,365563.0,279621.0
128x128x128w30-32-25,,279226.0,279212.0,279223.0,279176.0,279251.0,279277.0,278394.0,278400.0,364742.0,279283.0
128x128x128w30-32-26,,262569.0,262519.0,262552.0,262563.0,262563.0,262581.0,261675.0,261676.0,357220.0,262587.0
128x128x128w30-32-27,,262193.0,262157.0,262173.0,262201.0,262193.0,262222.0,261268.0,261268.0,356114.0,262228.0
128x128x128w30-32-28,,260883.0,260868.0,260879.0,260884.0,260888.0,260901.0,259917.0,259925.0,353564.0,260907.0
128x128x128w30-32-29,,263450.0,263448.0,263457.0,263496.0,263493.0,263501.0,262503.0,262460.0,356411.0,263507.0
128x128x128w30-32-30,,261172.0,261128.0,261149.0,261155.0,261153.0,261214.0,260141.0,260141.0,352562.0,261221.0
128x128x128w30-32-31,,263373.0,263369.0,263380.0,263398.0,263398.0,263426.0,262329.0,262335.0,354474.0,263431.0
128x128x128w30-32-32,,317536.0,317545.0,317552.0,317603.0,317568.0,317641.0,316508.0,316516.0,345052.0,317642.0
128x128x128w31-24-32,,258050.0,258032.0,258030.0,258041.0,258071.0,258078.0,258076.0,257249.0,333245.0,258084.0
128x128x128w31-24-33,,196546.0,196573.0,196571.0,196564.0,196592.0,196612.0,196565.0,195821.0,335215.0,196617.0
128x128x128w31-32-22,,282812.0,282799.0,282808.0,282770.0,282814.0,282833.0,282841.0,282043.0,367177.0,282848.0
128x128x128w31-32-23,,281535.0,281543.0,281489.0,281562.0,281549.0,281565.0,281571.0,280746.0,365325.0,281578.0
128x128x128w31-32-24,,282341.0,282384.0,282391.0,282393.0,282425.0,282460.0,282461.0,281571.0,365973.0,282468.0
128x128x128w31-32-25,,283453.0,283439.0,283468.0,283486.0,283492.0,283519.0,283509.0,282630.0,367166.0,283525.0
128x128x128w31-32-26,,266378.0,266361.0,266377.0,266395.0,266384.0,266405.0,266378.0,265455.0,359358.0,266411.0
128x128x128w31-32-27,,265238.0,265182.0,265221.0,265258.0,265272.0,265278.0,265221.0,264273.0,357349.0,265284.0
128x128x128w31-32-28,,264115.0,264125.0,264119.0,264115.0,264105.0,264109.0,264107.0,263135.0,355146.0,264127.0
128x128x128w31-32-29,,265098.0,265089.0,265087.0,265097.0,265081.0,265100.0,265098.0,264074.0,355718.0,265106.0
128x128x128w31-32-30,,265293.0,265269.0,265273.0,265293.0,265302.0,265310.0,265293.0,264214.0,355457.0,265316.0
128x128x128w31-32-31,,264368.0,264347.0,264351.0,264388.0,264370.0,264397.0,264405.0,263307.0,353519.0,264413.0
128x128x128w31-32-32,,318770.0,318804.0,318789.0,318776.0,318782.0,318801.0,318818.0,317687.0,343503.0,318820.0
128x128x128w32-24-26,,216072.0,216046.0,216079.0,216080.0,216097.0,216068.0,216092.0,216080.0,319472.0,216100.0
128x128x128w32-24-27,,215808.0,215805.0,215810.0,215842.0,215820.0,215839.0,215805.0,215801.0,319049.0,215844.0
128x128x128w32-24-28,,216553.0,216527.0,216540.0,216564.0,216576.0,216566.0,216570.0,216553.0,320151.0,216579.0
128x128x128w32-24-29,,216229.0,216237.0,216242.0,216251.0,216261.0,216254.0,216236.0,216217.0,319738.0,216264.0
128x128x128w32-24-30,,216232.0,216230.0,216244.0,216264.0,216229.0,216265.0,216263.0,216250.0,319828.0,216269.0
128x128x128w32-24-31,,216788.0,216794.0,216791.0,216801.0,216775.0,216805.0,216788.0,216785.0,320577.0,216810.0
128x128x128w32-24-32,,256862.0,256876.0,256883.0,256885.0,256899.0,256923.0,256906.0,256934.0,308755.0,256939.0
128x128x128w32-32-17,,304846.0,304826.0,304856.0,304884.0,304878.0,304872.0,304878.0,304886.0,352272.0,304889.0
128x128x128w32-32-19,,298654.0,298652.0,298631.0,298650.0,298658.0,298626.0,298658.0,298659.0,351847.0,298667.0
128x128x128w32-32-20,,298296.0,298221.0,298221.0,298280.0,298286.0,298313.0,298304.0,298304.0,350595.0,298319.0
128x128x128w32-32-22,,284742.0,284766.0,284767.0,284730.0,284807.0,284802.0,284802.0,284810.0,345805.0,284818.0
128x128x128w32-32-27,,267400.0,267394.0,267367.0,267426.0,267416.0,267426.0,267416.0,267433.0,337458.0,267441.0
128x128x128w32-32-28,,266673.0,266615.0,266619.0,266672.0,266688.0,266680.0,266656.0,266664.0,335836.0,266693.0
128x128x128w33-24-26,,191013.0,190804.0,190778.0,190793.0,190802.0,190796.0,190794.0,190815.0,369650.0,191014.0
128x128x128w33-24-27,,191206.0,191043.0,191026.0,191028.0,191042.0,191047.0,191030.0,191028.0,369972.0,191207.0
128x128x128w33-24-28,,191618.0,191488.0,191453.0,191459.0,191487.0,191471.0,191472.0,191472.0,370572.0,191619.0
128x128x128w33-24-29,,191488.0,191384.0,191358.0,191363.0,191383.0,191368.0,191372.0,191367.0,370674.0,191489.0
128x128x128w33-24-30,,191027.0,190938.0,190946.0,190946.0,190937.0,190919.0,190919.0,190916.0,369661.0,191028.0
128x128x128w33-24-31,,191896.0,191852.0,191846.0,191854.0,191858.0,191840.0,191834.0,191826.0,371768.0,191897.0
128x128x128w34-24-26,,191498.0,191508.0,191306.0,191309.0,191277.0,191297.0,191295.0,191297.0,369760.0,191509.0
128x128x128w34-24-27,,191480.0,191492.0,191284.0,191327.0,191293.0,191303.0,191303.0,191303.0,369630.0,191493.0
128x128x128w34-24-28,,191568.0,191580.0,191409.0,191430.0,191424.0,191430.0,191430.0,191445.0,369954.0,191581.0
128x128x128w34-24-29,,191744.0,191753.0,191618.0,191639.0,191642.0,191642.0,191652.0,191644.0,370295.0,191754.0
128x128x128w34-24-30,,191319.0,191338.0,191250.0,191258.0,191249.0,191237.0,191229.0,191221.0,369569.0,191339.0
128x128x128w35-24-26,,191845.0,191836.0,191842.0,191649.0,191647.0,191633.0,191654.0,191618.0,353870.0,191846.0
128x128x128w35-24-27,,192124.0,192129.0,192126.0,191964.0,191961.0,191946.0,191941.0,191936.0,354332.0,192131.0
128x128x128w35-24-28,,192178.0,192172.0,192174.0,192040.0,192043.0,192023.0,192028.0,192014.0,354275.0,192179.0
128x128x128w35-24-29,,192224.0,192234.0,192226.0,192132.0,192114.0,192132.0,192121.0,192096.0,354648.0,192236.0
128x128x128w36-24-26,,192071.0,192059.0,192085.0,192079.0,191844.0,191869.0,191867.0,191851.0,353414.0,192087.0
128x128x128w36-24-27,,192393.0,192381.0,192403.0,192401.0,192197.0,192226.0,192224.0,192204.0,353944.0,192405.0
128x128x128w36-24-28,,192519.0,192535.0,192537.0,192541.0,192404.0,192376.0,192392.0,192373.0,354252.0,192544.0
128x128x128w37-24-26,,192947.0,192948.0,192910.0,192933.0,192940.0,192721.0,192731.0,192729.0,354299.0,192950.0
128x128x128w37-24-27,,193070.0,193089.0,193086.0,193093.0,193073.0,192910.0,192910.0,192919.0,354571.0,193097.0
128x128x128w38-24-26,,193283.0,193285.0,193294.0,193292.0,193265.0,193280.0,193075.0,193073.0,338075.0,193296.0
128x128x128w39-24-26,0.0,194050.0,194047.0,194068.0,194050.0,194038.0,194030.0,194065.0,193855.0,338777.0,194072.0
