FakeNN JSON Name,core0,core1,core2,core3,core4,core5,core6,core7,dma,Kernel Time,Before Computation_cc_0,After Computation_cc_0,Overlap Stall Time_cc_0,Raw Compute Time_cc_0,cc_tiles_cc_0,Before Computation_cc_1,After Computation_cc_1,Overlap Stall Time_cc_1,Raw Compute Time_cc_1,cc_tiles_cc_1,Before Computation_cc_2,After Computation_cc_2,Overlap Stall Time_cc_2,Raw Compute Time_cc_2,cc_tiles_cc_2,Before Computation_cc_3,After Computation_cc_3,Overlap Stall Time_cc_3,Raw Compute Time_cc_3,cc_tiles_cc_3,Before Computation_cc_4,After Computation_cc_4,Overlap Stall Time_cc_4,Raw Compute Time_cc_4,cc_tiles_cc_4,Before Computation_cc_5,After Computation_cc_5,Overlap Stall Time_cc_5,Raw Compute Time_cc_5,cc_tiles_cc_5,Before Computation_cc_6,After Computation_cc_6,Overlap Stall Time_cc_6,Raw Compute Time_cc_6,cc_tiles_cc_6,Before Computation_cc_7,After Computation_cc_7,Overlap Stall Time_cc_7,Raw Compute Time_cc_7,cc_tiles_cc_7,Total CC Tiles,Overlap Stall Time Total,Raw Compute Time Total
128x128x128w17-32-32,452115,451054,451057,451073,451067,451082,451091,451064,455824,452118,3388,336,27208,425117,128,3388,1391,161216,291103,128,3388,1387,162181,290137,128,3388,1370,161040,291277,128,3386,1375,161311,291005,128,3386,1359,159421,292894,128,3378,1357,159746,292576,128,3378,1383,159847,292474,128,1024,1151970,2466583
128x128x128w18-32-32,432131,432137,410771,410747,410737,410746,410754,410764,435809,432141,3402,298,27365,404938,128,3402,280,27194,405097,128,3402,21646,161380,270927,112,3402,21670,161716,270591,112,3400,21680,162122,270185,112,3400,21671,160305,272002,112,3392,21671,160430,271885,112,3392,21653,160188,272119,112,928,1020700,2437744
128x128x128w19-32-32,396738,396755,396743,396782,396771,396777,395651,395651,400596,396789,3467,410,24564,372474,112,3467,383,23685,373343,112,3467,394,25131,371896,112,3467,354,125087,271939,112,3465,364,125495,271530,112,3457,365,123858,273174,112,3457,1490,141935,255096,112,3457,1489,142047,254983,112,896,731802,2444435
128x128x128w20-32-32,378088,378084,378087,378103,378097,378120,378121,378094,381910,378123,3479,362,25338,353002,112,3479,356,24274,354056,112,3479,352,25702,352627,112,3479,335,24359,353969,112,3477,340,126370,251957,112,3469,324,125577,252757,112,3469,322,125881,252452,112,3469,348,126179,252153,112,896,603680,2422973
128x128x128w21-32-32,379379,379380,358918,358891,358880,357834,357838,357848,383175,379385,3512,295,25830,353734,112,3512,292,26925,352637,112,3512,20753,43429,336148,96,3512,20779,42277,337299,96,3510,20789,43539,336036,96,3502,21842,145629,233953,96,3502,21837,145746,233835,96,3502,21826,145505,234075,96,800,618880,2417717
128x128x128w22-32-26,377074,377047,376242,376269,376259,376256,376228,376271,380989,377076,3490,445,33168,344233,120,3490,454,34695,342688,120,3490,1260,51561,325823,120,3490,1231,49413,327969,120,3488,1242,49949,327434,120,3488,1245,47509,329874,120,3488,1273,136353,241030,120,3480,1238,135889,241502,120,960,538537,2480553
128x128x128w22-32-27,371938,371927,371290,371290,371298,371292,371284,371267,375859,371940,3497,444,33270,338994,120,3497,437,34078,338168,120,3497,1075,51143,321104,120,3497,1073,49535,322710,120,3495,1066,50155,322091,120,3495,1072,46962,325284,120,3495,1080,135996,236250,120,3487,1105,135533,236721,120,960,536672,2441322
128x128x128w22-32-28,371112,371144,370584,370607,370583,370579,370591,370597,375068,371147,3508,467,33418,338043,120,3508,418,34114,337330,120,3508,979,51151,320294,120,3508,954,49055,322388,120,3506,979,49904,321540,120,3506,983,47298,324146,120,3506,971,136237,235207,120,3498,973,135764,235688,120,960,536941,2434636
128x128x128w22-32-29,373941,373883,373482,373507,373502,373512,373525,373523,377910,373943,3551,438,34171,340090,120,3551,478,34459,339784,120,3551,880,51758,322486,120,3551,853,49540,324702,120,3549,859,50233,324010,120,3549,849,46931,327312,120,3549,836,137180,237063,120,3541,846,136232,238019,120,960,540504,2453466
128x128x128w22-32-30,368197,368189,367912,367888,367896,367891,367899,367913,372169,368199,3556,434,32897,335616,120,3556,426,33206,335291,120,3556,704,50874,317624,120,3556,726,49030,319466,120,3554,719,49465,319032,120,3554,724,47450,321047,120,3554,716,135931,232566,120,3546,710,135381,233124,120,960,534234,2413766
128x128x128w22-32-31,368284,368304,368145,368157,368147,368128,368129,368127,372296,368305,3578,450,32977,335639,120,3570,431,33337,335280,120,3570,589,50463,318153,120,3570,576,48575,320040,120,3568,585,49500,319114,120,3568,603,46928,321685,120,3568,601,136146,232466,120,3568,602,136024,232587,120,960,533950,2414964
128x128x128w22-32-32,360703,360709,359645,359654,359645,359661,359661,359653,364605,360714,3520,402,24544,336467,96,3520,378,24231,336762,96,3520,1443,41204,319790,96,3520,1432,38923,322069,96,3518,1442,40622,320371,96,3510,1434,37402,323599,96,3510,1434,126416,234585,96,3510,1442,126696,234305,96,768,460038,2427948
128x128x128w23-32-26,358706,358685,358685,358696,358693,357896,357894,357885,362625,358708,3528,410,32842,326156,120,3528,421,34071,324917,120,3528,420,34130,324857,120,3528,408,32217,326769,120,3526,410,33223,325762,120,3526,1206,48859,310125,120,3526,1207,49492,309491,120,3518,1223,138471,220519,120,960,403305,2468596
128x128x128w23-32-27,356207,356189,356187,356193,356190,355509,355510,355525,360127,356209,3529,410,33747,322752,120,3529,418,34633,321856,120,3529,419,34361,322127,120,3529,412,32600,323887,120,3527,414,33213,323273,120,3527,1094,49049,307436,120,3527,1092,49293,307191,120,3519,1084,138715,217776,120,960,405611,2446298
128x128x128w23-32-28,355567,355570,355544,355559,355560,354996,355007,355006,359499,355572,3538,414,33632,322231,120,3538,393,34324,321521,120,3538,420,34295,321551,120,3538,403,32174,323670,120,3536,403,32856,322989,120,3536,967,49073,306772,120,3536,956,48845,307000,120,3536,957,138398,217447,120,960,403597,2443181
128x128x128w23-32-29,356474,356469,356486,356480,356457,356040,356059,356040,360454,356489,3577,423,33457,323322,120,3577,410,34843,321918,120,3577,394,34331,322431,120,3577,398,32248,324512,120,3575,422,33035,323726,120,3575,839,48609,308152,120,3575,820,48970,307791,120,3575,839,139189,217572,120,960,404682,2449424
128x128x128w23-32-30,352528,352489,352512,352514,352512,352222,352220,352230,356508,352529,3589,411,33473,319348,120,3589,432,33800,319003,120,3589,410,34054,318750,120,3589,406,32069,320733,120,3587,409,32766,320037,120,3587,699,48857,303946,120,3587,701,48352,304451,120,3587,691,138342,214461,120,960,401713,2420729
128x128x128w23-32-31,351002,350992,351010,351016,351013,350862,350862,350844,354971,351019,3563,422,31697,319609,120,3555,433,32724,318583,120,3555,414,32375,318931,120,3555,407,31030,320275,120,3553,409,31683,319621,120,3553,559,47813,303490,120,3553,558,47584,303718,120,3553,575,137271,214030,120,960,392177,2418257
128x128x128w23-32-32,343794,343781,343808,343781,343779,342708,342708,342717,347698,343814,3541,377,24342,319735,96,3541,385,23549,320523,96,3541,357,24500,319571,96,3541,383,22682,321388,96,3539,384,22559,321510,96,3531,1462,38622,305454,96,3531,1461,38533,305542,96,3531,1451,129640,214434,96,768,324427,2428157
128x128x128w24-32-26,346013,346055,346039,346041,346062,346048,346056,346045,349935,346066,3525,418,32469,313844,120,3517,373,34279,312031,120,3517,389,33196,313114,120,3517,387,31802,314508,120,3515,366,32158,314152,120,3515,380,30683,315627,120,3515,372,31485,314825,120,3515,375,30978,315324,120,960,257050,2513425
128x128x128w24-32-27,343955,343916,343928,343930,343932,343957,343949,343962,347830,343965,3521,376,31916,312297,120,3521,403,33161,311040,120,3521,391,32966,311235,120,3521,389,31106,313095,120,3519,387,31967,312234,120,3511,370,31233,312976,120,3511,378,32046,312163,120,3511,357,30680,313521,120,960,255075,2498561
128x128x128w24-32-28,344312,344320,344337,344329,344325,344313,344318,344312,348213,344339,3536,387,33607,310974,120,3528,375,34377,310200,120,3528,358,34611,309966,120,3528,366,31990,312587,120,3526,370,32508,312069,120,3526,382,30826,313751,120,3526,377,31384,313193,120,3526,375,30537,314032,120,960,259840,2496772
128x128x128w24-32-29,341527,341521,341538,341548,341539,341542,341547,341548,345470,341555,3576,384,31927,309866,120,3568,391,33264,308530,120,3568,374,32870,308924,120,3568,364,31594,310200,120,3566,373,31915,309879,120,3566,370,30885,310909,120,3566,365,31150,310644,120,3566,356,30873,310913,120,960,254478,2479865
128x128x128w24-32-30,338628,338628,338596,338612,338615,338612,338618,338619,342558,338630,3581,371,32193,306688,120,3581,359,33431,305438,120,3581,391,33135,305734,120,3581,375,31073,307796,120,3579,372,32006,306863,120,3579,375,31041,307828,120,3579,369,31185,307684,120,3579,360,30668,308193,120,960,254732,2456224
128x128x128w24-32-31,338304,338262,338276,338281,338299,338291,338284,338291,342258,338305,3601,373,32951,305608,120,3601,405,33172,305377,120,3601,391,32939,305610,120,3601,386,30922,307627,120,3599,368,31855,306694,120,3599,376,31266,307283,120,3599,383,31349,307200,120,3599,376,31248,307301,120,960,255702,2452700
128x128x128w24-32-32,331593,331593,331593,331625,331614,331585,331593,331593,335471,331631,3539,355,24247,307607,96,3539,348,24043,307804,96,3539,347,23602,308244,96,3539,314,21553,310292,96,3537,324,21735,310109,96,3537,352,19712,312131,96,3529,351,21472,310378,96,3529,350,20570,311279,96,768,176934,2477844
128x128x128w25-32-26,428037,428040,428029,404984,404940,404964,404964,404964,431918,428042,3552,349,30297,397971,120,3552,328,116635,311615,120,3552,340,116355,311896,120,3552,23383,132023,296246,100,3550,23428,132941,295329,100,3550,23404,131402,296868,100,3550,23404,131536,296734,100,3550,23404,131161,297109,100,860,922350,2503768
128x128x128w25-32-27,428121,428128,428126,405054,405018,405013,405022,405037,432015,428130,3569,344,30806,397541,120,3569,327,116723,311614,120,3569,328,116957,311379,120,3569,23399,132215,296140,100,3567,23434,133130,295224,100,3567,23438,132635,295718,100,3567,23428,132166,296186,100,3567,23412,131621,296730,100,860,926253,2500532
128x128x128w25-32-28,425986,425989,425990,403079,403030,403032,403059,403059,429893,425993,3584,342,31004,395206,120,3584,329,117315,308885,120,3584,327,117290,308909,120,3584,23237,132436,293782,100,3582,23285,132713,293504,100,3582,23282,132300,293916,100,3582,23254,132397,293818,100,3582,23253,131851,294363,100,860,927306,2482383
128x128x128w25-32-29,423629,423630,423634,400952,400921,400905,400928,400933,427567,423637,3614,343,30853,393001,120,3614,332,116466,307378,120,3614,327,116327,307516,120,3614,23008,132219,291643,100,3612,23038,132586,291275,100,3612,23053,131939,291921,100,3612,23029,132038,291821,100,3612,23023,131769,292089,100,860,924197,2466644
128x128x128w25-32-30,420566,420556,420557,397946,397947,397906,397924,397906,424517,420567,3632,338,30820,389966,120,3632,338,116691,304085,120,3632,336,116686,304089,120,3632,22946,132282,288512,100,3630,22944,133119,287674,100,3630,22984,132541,288251,100,3630,22965,132828,287963,100,3630,22982,132505,288285,100,860,927472,2438825
128x128x128w25-32-31,421144,421146,421150,398592,398600,398584,398575,398608,425114,421153,3639,351,30054,391323,120,3639,331,116538,304821,120,3639,328,115315,306045,120,3639,22884,131107,290271,100,3637,22877,131872,289507,100,3637,22893,131327,290052,100,3637,22902,131848,289531,100,3637,22869,131451,289928,100,860,919512,2451478
128x128x128w25-32-32,407262,407264,407261,385703,385715,385737,385725,385731,411134,407269,3578,308,19944,387532,96,3578,301,103397,304074,96,3578,303,103232,304238,96,3578,21860,119412,288073,80,3576,21847,119993,287491,80,3568,21832,118587,288904,80,3568,21843,118940,288550,80,3568,21836,119255,288234,80,688,822760,2437096
128x128x128w26-24-32,361189,361183,361185,361191,361170,361174,361175,361175,365139,361195,3550,419,31204,330286,120,3550,415,30933,330547,120,3550,412,98642,262837,120,3550,405,98013,263465,120,3548,425,97871,263606,120,3548,420,96757,264719,120,3548,418,96748,264727,120,3548,417,96742,264732,120,960,646910,2244919
128x128x128w26-24-33,362233,362234,362232,362212,362206,362224,362222,362223,366203,362236,3565,424,30804,331735,120,3565,413,30641,331888,120,3565,414,98551,263977,120,3565,433,97969,264558,120,3563,438,98350,264176,120,3563,419,97298,265227,120,3563,420,97228,265296,120,3563,418,96213,266310,120,960,647054,2253167
128x128x128w26-24-34,361686,361686,361687,361672,361658,361677,361688,361676,365690,361695,3599,424,30548,331444,120,3599,414,30620,331362,120,3599,412,98369,263612,120,3599,426,97731,264249,120,3597,439,97655,264324,120,3597,419,96714,265264,120,3597,407,96897,265080,120,3597,418,96455,265521,120,960,644989,2250856
128x128x128w26-24-35,361791,361789,361762,361775,361776,361781,361779,361781,365800,361792,3608,420,30595,331498,120,3608,412,30675,331408,120,3608,438,98665,263417,120,3608,424,97796,264285,120,3606,422,97872,264208,120,3606,416,96205,265874,120,3606,417,97124,264954,120,3606,414,96438,265639,120,960,645370,2251283
128x128x128w26-24-36,361591,361593,361590,361593,361594,361603,361572,361575,365603,361609,3604,427,30481,331419,120,3604,415,30564,331326,120,3604,417,98215,263674,120,3604,413,97647,264241,120,3602,411,97553,264334,120,3602,401,96434,265452,120,3602,431,96592,265293,120,3602,427,96594,265290,120,960,644080,2251029
128x128x128w26-24-37,362063,362063,362033,362046,362047,362056,362050,362052,366101,362065,3638,419,30778,331586,120,3638,409,30709,331645,120,3638,438,98787,263566,120,3638,424,98086,264266,120,3636,422,98097,264254,120,3636,412,96786,265564,120,3636,417,96966,265383,120,3636,414,96474,265874,120,960,646683,2252138
128x128x128w26-24-38,362082,362083,362085,362095,362091,362100,362068,362072,366140,362106,3645,432,30655,331741,120,3645,421,30718,331668,120,3645,418,98312,264073,120,3645,407,97526,264858,120,3643,410,97507,264876,120,3643,400,96685,265697,120,3643,431,96699,265682,120,3643,426,96687,265693,120,960,644789,2254288
128x128x128w26-24-39,361979,361977,361955,361964,361964,361970,361970,361970,366042,361980,3655,427,30879,331409,120,3655,419,30894,331384,120,3655,440,98743,263534,120,3655,430,97882,264394,120,3653,429,98270,264005,120,3653,422,96636,265638,120,3653,421,97255,265018,120,3653,420,96838,265434,120,960,647397,2250816
128x128x128w26-32-22,399458,399437,399441,399480,399488,399497,399489,399505,403475,399506,3487,542,34358,365524,120,3487,560,35056,364823,120,3487,555,103432,296446,120,3487,515,101764,298113,120,3485,506,101957,297919,120,3485,496,101129,298746,120,3485,503,100986,298888,120,3477,494,101318,298563,120,960,680000,2519022
128x128x128w26-32-23,397217,397238,397238,397250,397248,397261,397243,397251,401249,397268,3497,553,33855,363797,120,3497,523,34875,362768,120,3497,522,103302,294340,120,3497,509,101137,296504,120,3495,510,101657,295983,120,3495,496,100197,297442,120,3495,513,101167,296471,120,3487,512,100869,296776,120,960,677059,2504081
128x128x128w26-32-24,396481,396494,396507,396518,396507,396518,396532,396534,400515,396536,3507,545,34008,362900,120,3507,523,34441,362458,120,3507,509,102565,294333,120,3507,497,101158,295739,120,3505,507,101503,295393,120,3505,495,100549,296346,120,3497,488,101076,295826,120,3497,485,100927,295974,120,960,676227,2498969
128x128x128w26-32-25,396986,396981,396981,396999,396991,397001,396984,396965,401002,397007,3515,519,34454,362933,120,3515,515,34184,363194,120,3515,514,103141,294236,120,3515,495,101546,295830,120,3513,502,101926,295449,120,3513,491,100825,296549,120,3513,507,101095,296278,120,3513,525,100748,296624,120,960,677919,2501093
128x128x128w26-32-26,387187,387203,387195,387196,387179,387195,387195,387203,391207,387207,3544,496,26026,361559,100,3544,462,27531,360036,100,3544,471,94922,292646,100,3544,468,92894,294672,100,3542,486,93098,294469,100,3542,470,92257,295310,100,3534,478,93167,294408,100,3534,470,92528,295047,100,800,612423,2488147
128x128x128w26-32-27,388893,388870,388868,388893,388901,388912,388895,388899,392949,388918,3576,499,26319,362975,100,3576,512,27571,361713,100,3576,513,95383,293900,100,3576,487,93395,295887,100,3574,478,93912,295369,100,3574,466,92632,296648,100,3574,482,93117,296162,100,3574,477,92313,296965,100,800,614642,2499619
128x128x128w26-32-28,384264,384207,384239,384247,384263,384272,384272,384263,388316,384279,3586,485,25801,358850,100,3586,532,26769,357872,100,3586,499,94442,290198,100,3586,490,92646,291993,100,3584,473,93737,290901,100,3584,463,92750,291887,100,3584,462,92754,291882,100,3584,470,92859,291776,100,800,611758,2465359
128x128x128w26-32-29,383362,383370,383346,383355,383337,383363,383378,383379,387458,383387,3622,493,26598,357159,100,3622,475,26984,356763,100,3622,498,94847,288899,100,3622,488,92966,290779,100,3620,505,93670,290074,100,3620,478,92686,291057,100,3620,462,92849,290893,100,3620,460,92375,291366,100,800,612975,2456990
128x128x128w26-32-30,381295,381299,381311,381307,381290,381285,381276,381304,385406,381314,3643,487,26259,355425,100,3643,473,26620,355054,100,3643,460,94732,286941,100,3643,463,93405,288267,100,3641,479,93556,288115,100,3641,483,93269,288401,100,3641,491,92744,288925,100,3641,462,92880,288788,100,800,613465,2439916
128x128x128w26-32-31,382797,382790,382759,382768,382770,382739,382789,382789,386869,382799,3608,482,26704,356477,100,3608,480,27963,355209,100,3608,510,96118,287053,100,3608,500,93879,289291,100,3606,497,94929,288240,100,3606,527,93538,289630,100,3606,476,93368,289799,100,3598,483,93427,289747,100,800,619926,2445446
128x128x128w26-32-32,373636,373651,373615,373643,373643,373677,373666,373666,377647,373678,3572,459,17848,356169,80,3572,426,17540,356459,80,3572,463,86082,287918,80,3572,433,84917,289081,80,3570,434,85359,288640,80,3562,408,83779,290228,80,3562,419,84119,289888,80,3562,419,84026,289981,80,640,543670,2448364
128x128x128w27-24-32,360454,360429,360443,360453,360185,360190,360173,360169,364407,360457,3584,388,29739,330985,120,3584,403,29626,331088,120,3584,388,30099,330614,120,3584,377,95960,264752,120,3582,644,113246,247465,120,3582,638,112417,248293,120,3582,654,112425,248284,120,3582,657,112287,248421,120,960,635799,2249902
128x128x128w27-24-33,362979,363008,362973,362983,362749,362759,362757,362755,367052,363009,3661,430,32129,331162,120,3653,401,31260,332031,120,3653,436,31957,331334,120,3653,426,99157,264134,120,3651,660,115059,248232,120,3651,650,114889,248402,120,3651,644,114449,248834,120,3651,646,114260,249023,120,960,653160,2253152
128x128x128w27-24-34,362134,362147,362117,362126,361920,361924,361924,361924,366222,362148,3697,409,30791,331634,120,3689,396,30935,331490,120,3689,426,31534,330891,120,3689,417,98671,263754,120,3687,623,114751,247674,120,3687,619,114401,248024,120,3687,611,114507,247910,120,3687,611,114196,248221,120,960,649786,2249598
128x128x128w27-24-35,363281,363293,363263,363276,363085,363094,363094,363094,367364,363294,3693,408,32292,331279,120,3685,396,31442,332129,120,3685,426,32449,331122,120,3685,413,99444,264127,120,3683,604,115471,248100,120,3683,595,114953,248618,120,3683,587,115095,248468,120,3683,587,114836,248727,120,960,655982,2252570
128x128x128w27-24-36,362731,362748,362718,362732,362568,362573,362570,362573,366819,362749,3693,413,32185,330841,120,3685,396,31262,331764,120,3685,426,32195,330831,120,3685,412,99442,263584,120,3683,576,115409,247617,120,3683,571,114573,248453,120,3683,566,115135,247883,120,3683,563,114838,248180,120,960,655039,2249153
128x128x128w27-24-37,363187,363210,363179,363188,363049,363057,363054,363057,367315,363211,3727,419,32185,331303,120,3719,396,31211,332277,120,3719,427,32178,331310,120,3719,418,99502,263986,120,3717,557,115283,248205,120,3717,549,115099,248389,120,3717,544,115404,248076,120,3717,541,114912,248568,120,960,655774,2252114
128x128x128w27-32-22,394416,394417,394425,394437,393829,393832,393833,393836,398422,394441,3526,500,33953,360845,120,3526,481,34023,360757,120,3526,474,34459,360322,120,3526,460,101164,293615,120,3524,1069,119243,275537,120,3524,1066,118060,276720,120,3524,1065,117906,276874,120,3524,1062,118101,276679,120,960,676909,2481349
128x128x128w27-32-23,392979,392961,392974,392922,392499,392517,392516,392508,396977,392980,3536,472,33931,359402,120,3536,482,34213,359112,120,3536,470,34175,359151,120,3536,520,101680,291644,120,3534,944,118633,274692,120,3534,926,117503,275822,120,3534,927,117853,275472,120,3534,935,117385,275940,120,960,675373,2471235
128x128x128w27-32-24,395663,395647,395671,395670,395380,395393,395399,395361,399670,395674,3547,477,34286,361736,120,3547,486,33965,362050,120,3547,463,34167,361849,120,3547,462,100973,295041,120,3545,753,119149,276866,120,3545,740,117427,278588,120,3545,734,117985,278030,120,3545,772,117781,278234,120,960,675733,2492394
128x128x128w27-32-25,397866,397866,397866,397873,397724,397716,397724,397700,401890,397877,3566,478,33544,364682,120,3566,460,34203,364005,120,3566,461,34728,363481,120,3566,452,101516,296691,120,3564,602,119161,279047,120,3564,610,117951,280257,120,3564,602,118059,280149,120,3564,626,117851,280357,120,960,677013,2508669
128x128x128w27-32-26,388831,388843,388841,388856,388047,388006,388029,388049,392871,388860,3572,484,25805,363412,100,3572,458,27229,361974,100,3572,461,27039,362165,100,3572,444,92819,296383,100,3570,1254,110787,278416,100,3570,1295,109593,279610,100,3570,1272,110292,278911,100,3570,1252,109524,279679,100,800,613088,2500550
128x128x128w27-32-27,385737,385712,385719,385744,385070,385088,385081,385081,389757,385749,3568,471,25862,360248,100,3568,486,26741,359359,100,3568,478,27005,359094,100,3568,452,92445,293653,100,3566,1125,110387,275710,100,3566,1106,109155,276941,100,3566,1112,109874,276221,100,3558,1119,109128,276974,100,800,610597,2478200
128x128x128w27-32-28,382309,382298,382314,382323,381767,381778,381751,381739,386353,382327,3586,478,25876,356813,100,3586,471,26399,356272,100,3586,456,26735,355937,100,3586,445,93165,289505,100,3584,1002,110876,271795,100,3584,991,110119,272552,100,3584,1018,110114,272557,100,3584,1030,109908,272763,100,800,613192,2448194
128x128x128w27-32-29,381587,381595,381603,381587,381157,381151,381177,381182,385670,381606,3623,477,25467,356499,100,3623,454,27409,354542,100,3623,447,26525,355427,100,3623,461,92705,289245,100,3621,892,110711,271240,100,3621,898,109522,272429,100,3621,872,109956,271995,100,3621,867,109741,272210,100,800,612036,2443587
128x128x128w27-32-30,380553,380534,380567,380559,380270,380296,380293,380285,384655,380570,3644,478,25820,355113,100,3644,479,26773,354142,100,3644,447,26587,354329,100,3644,453,92644,288270,100,3642,743,110645,270270,100,3642,717,109903,271012,100,3642,720,109783,271132,100,3642,728,109871,271044,100,800,612026,2435312
128x128x128w27-32-31,379773,379779,379748,379788,379611,379612,379604,379613,383874,379791,3654,460,25484,354651,100,3646,459,26744,353396,100,3646,490,26539,353601,100,3646,450,92520,287620,100,3644,621,110377,269757,100,3644,619,109398,270735,100,3644,626,109508,270624,100,3644,617,109271,270861,100,800,609841,2431245
128x128x128w27-32-32,371776,371758,371783,371814,370689,370706,370706,370706,375829,371821,3625,442,17943,354197,80,3625,455,18256,353879,80,3625,429,18542,353592,80,3625,397,85511,286622,80,3623,1521,103109,269023,80,3615,1511,101898,270241,80,3615,1510,102187,269951,80,3615,1509,101670,270467,80,640,549116,2427972
128x128x128w28-24-32,344958,344962,344965,344969,344972,344975,344942,344958,348930,344981,3594,397,30968,314269,120,3594,383,31136,314091,120,3594,379,31255,313971,120,3594,374,30466,314759,120,3592,370,98229,246995,120,3592,366,97364,247859,120,3592,398,97128,248094,120,3592,381,97964,247257,120,960,514510,2247295
128x128x128w28-24-33,346185,346193,346194,346199,346188,346205,346167,346204,350228,346211,3660,401,32287,314181,120,3652,393,32249,314219,120,3652,392,32604,313864,120,3652,387,31467,315001,120,3650,398,99605,246863,120,3650,381,98916,247552,120,3650,411,98681,247779,120,3650,374,98480,247980,120,960,524289,2247439
128x128x128w28-24-34,345934,345938,345939,345942,345930,345943,345909,345931,350016,345948,3704,396,32296,313916,120,3696,392,31820,314392,120,3696,391,32306,313906,120,3696,388,31681,314531,120,3694,400,99260,246952,120,3694,387,98863,247349,120,3694,413,98510,247694,120,3694,391,98646,247558,120,960,523382,2246298
128x128x128w28-24-35,346030,346039,346018,346040,346009,346026,346027,346023,350115,346043,3709,394,32123,314183,120,3701,385,31613,314693,120,3701,406,32449,313857,120,3701,384,31907,314399,120,3699,415,99143,247163,120,3699,398,98478,247828,120,3699,389,98525,247773,120,3699,393,98568,247730,120,960,522806,2247626
128x128x128w28-24-36,345914,345922,345903,345921,345892,345911,345913,345910,349995,345924,3710,389,31972,314213,120,3702,381,31895,314290,120,3702,400,32521,313664,120,3702,382,31424,314761,120,3700,411,99091,247094,120,3700,392,98756,247429,120,3700,382,98370,247807,120,3700,385,98407,247770,120,960,522436,2247028
128x128x128w28-32-22,379315,379292,379287,379298,379306,379316,379308,379312,383296,379322,3547,454,34467,345184,120,3547,459,34523,345110,120,3547,465,35021,344613,120,3547,452,32845,346787,120,3545,445,102556,277077,120,3545,435,101235,278398,120,3545,443,101652,277981,120,3545,439,101525,278108,120,960,543824,2493258
128x128x128w28-32-23,379110,379114,379120,379098,379089,379115,379106,379106,383112,379123,3561,461,34429,345024,120,3561,439,35173,344262,120,3561,434,35307,344129,120,3561,454,33590,345844,120,3559,464,102882,276553,120,3559,438,101580,277855,120,3559,447,102160,277275,120,3559,447,101723,277712,120,960,546844,2488654
128x128x128w28-32-24,380321,380300,380302,380315,380327,380322,380331,380335,384325,380343,3556,468,35236,345435,120,3556,471,36117,344536,120,3556,470,35978,344676,120,3556,455,34549,346103,120,3554,444,103475,277178,120,3554,449,102255,278398,120,3554,440,101809,278844,120,3554,436,102260,278393,120,960,551679,2493563
128x128x128w28-32-25,381686,381686,381686,381695,381692,381695,381679,381670,385720,381701,3589,465,35523,346510,120,3589,447,35632,346383,120,3589,448,35214,346802,120,3589,437,33592,348422,120,3587,441,103497,278518,120,3587,438,101792,280223,120,3587,454,102241,279774,120,3587,463,102496,279519,120,960,549987,2506151
128x128x128w28-32-26,369920,369937,369903,369921,369943,369936,369939,369937,373965,369948,3611,454,27398,342878,100,3611,419,28575,341683,100,3611,454,28383,341876,100,3611,434,25937,344320,100,3609,413,95604,274654,100,3609,420,94631,275627,100,3609,417,95488,274770,100,3609,419,94680,275578,100,800,490696,2471386
128x128x128w28-32-27,367968,367979,367969,367955,367954,367955,367972,367955,372006,367981,3617,441,27312,340999,100,3617,412,27983,340310,100,3617,423,28404,339890,100,3617,435,26135,342157,100,3615,437,95343,272950,100,3615,436,94352,273941,100,3615,419,94557,273736,100,3615,436,94306,273987,100,800,488392,2457970
128x128x128w28-32-28,366509,366491,366466,366492,366479,366497,366500,366523,370570,366524,3642,436,27185,339662,100,3642,446,28338,338501,100,3642,470,28543,338295,100,3642,443,26488,340349,100,3640,455,95457,271379,100,3640,436,95075,271760,100,3640,432,95151,271683,100,3632,416,94106,272735,100,800,490343,2444364
128x128x128w28-32-29,365463,365461,365419,365448,365453,365444,365454,365454,369554,365464,3677,434,27006,338793,100,3677,418,28211,337570,100,3677,461,27926,337856,100,3677,430,26072,339708,100,3675,426,95743,270038,100,3675,435,94083,271698,100,3675,425,94885,270896,100,3675,425,94096,271685,100,800,488022,2438244
128x128x128w28-32-30,363165,363153,363164,363178,363170,363155,363155,363146,367277,363182,3689,433,27839,335661,100,3689,437,28772,334720,100,3689,427,27848,335645,100,3689,411,25707,337784,100,3687,420,95687,267805,100,3687,435,94102,269390,100,3687,435,94802,268690,100,3687,444,94662,268830,100,800,489419,2418525
128x128x128w28-32-31,362516,362532,362535,362528,362511,362507,362519,362529,366592,362537,3640,454,26653,336219,100,3632,437,27662,335209,100,3632,433,28092,334778,100,3632,439,25317,337552,100,3630,455,95080,267788,100,3630,458,93989,268878,100,3630,445,94107,268759,100,3630,434,94129,268736,100,800,485029,2417919
128x128x128w28-32-32,355429,355423,355430,355460,355450,355453,355440,355428,359457,355467,3630,418,18586,337183,80,3630,406,18525,337226,80,3630,400,18207,337545,80,3630,368,16925,338825,80,3628,379,85505,270246,80,3620,384,84575,271184,80,3620,397,84873,270886,80,3620,409,85046,270713,80,640,412242,2433808
128x128x128w29-24-32,345125,345114,345129,345130,344862,344869,344852,344850,349076,345134,3610,346,30990,314363,120,3610,361,31172,314185,120,3610,345,31520,313836,120,3610,343,30301,315054,120,3608,610,47339,298015,120,3608,602,114538,230815,120,3608,618,114204,231148,120,3608,619,114125,231226,120,960,514189,2248642
128x128x128w29-24-33,346736,346744,346750,346760,346521,346518,346514,346514,350797,346763,3686,395,32284,314729,120,3678,385,32436,314575,120,3678,379,32831,314180,120,3678,369,31269,315742,120,3676,608,48799,298212,120,3676,611,115917,231094,120,3676,615,116100,230911,120,3676,615,115886,231125,120,960,525522,2250568
128x128x128w29-24-34,346427,346445,346417,346423,346217,346219,346219,346219,350512,346446,3714,389,32218,314480,120,3706,371,32533,314165,120,3706,399,32396,314302,120,3706,393,31473,315225,120,3704,599,48497,298201,120,3704,597,116016,230682,120,3704,589,115401,231289,120,3704,589,116140,230550,120,960,524674,2248894
128x128x128w29-24-35,347291,347314,347285,347293,347106,347109,347109,347109,351375,347315,3717,371,32317,315227,120,3709,361,32337,315220,120,3709,389,32672,314884,120,3709,380,31391,316164,120,3707,566,49153,298401,120,3707,562,115730,231823,120,3707,561,116132,231420,120,3707,560,116087,231464,120,960,525819,2254603
128x128x128w29-32-22,381669,381678,381684,381679,381071,381080,381056,381047,385646,381687,3563,434,34821,347164,120,3563,407,35282,346685,120,3563,402,35422,346546,120,3563,405,32820,349146,120,3561,1014,51136,330831,120,3561,1005,119229,262738,120,3561,1029,120170,261797,120,3561,1038,119470,262497,120,960,548350,2507404
128x128x128w29-32-23,379232,379233,379224,379216,378763,378787,378769,378765,383213,379235,3579,422,34560,344976,120,3579,403,34570,344948,120,3579,413,35516,344003,120,3579,419,33558,345959,120,3577,873,51048,328470,120,3577,849,119675,259843,120,3577,867,120266,259252,120,3577,871,120085,259433,120,960,549278,2486884
128x128x128w29-32-24,378634,378642,378635,378596,378327,378339,378335,378320,382638,378644,3583,441,34278,344679,120,3583,415,35481,343458,120,3583,423,35571,343369,120,3583,460,33637,345301,120,3581,730,51685,327254,120,3581,718,119877,259062,120,3581,722,119938,259001,120,3581,737,119893,259046,120,960,550360,2481170
128x128x128w29-32-25,376685,376683,376684,376690,376525,376525,376536,376517,380691,376694,3598,428,34086,342909,120,3598,412,34305,342672,120,3598,412,35140,341838,120,3598,404,33764,343212,120,3596,570,51126,325851,120,3596,570,119584,257393,120,3596,559,119578,257399,120,3596,578,119625,257352,120,960,547208,2468626
128x128x128w29-32-26,369393,369383,369407,369415,368595,368600,368605,368594,373418,369419,3620,425,26840,342880,100,3620,417,28182,341520,100,3620,394,27448,342255,100,3620,384,25871,343830,100,3618,1205,43995,325707,100,3618,1200,111401,258301,100,3618,1195,111743,257959,100,3618,1206,111500,258202,100,800,486980,2470654
128x128x128w29-32-27,367313,367317,367317,367306,366620,366613,366622,366622,371337,367320,3633,411,26702,340924,100,3633,389,27729,339879,100,3633,390,27708,339901,100,3633,399,26124,341483,100,3631,1086,43673,323935,100,3631,1093,111911,255697,100,3631,1084,111898,255710,100,3631,1084,111653,255955,100,800,487398,2453484
128x128x128w29-32-28,365411,365413,365414,365399,364848,364843,364859,364859,369453,365417,3653,409,27248,338474,100,3653,389,27839,337865,100,3653,389,27983,337722,100,3653,402,26009,339694,100,3651,954,43741,321963,100,3651,959,111822,253882,100,3651,943,111925,253779,100,3651,943,111635,254069,100,800,488202,2437448
128x128x128w29-32-29,365854,365851,365855,365867,365442,365425,365424,365432,369955,365872,3702,418,27009,339165,100,3702,411,27845,338319,100,3702,406,27830,338333,100,3702,393,25949,340213,100,3700,817,44121,322040,100,3700,833,112232,253928,100,3700,833,112133,254026,100,3692,832,111741,254425,100,800,488860,2440449
128x128x128w29-32-30,365533,365500,365500,365516,365216,365218,365231,365224,369624,365534,3705,406,27490,338351,100,3705,421,29013,336810,100,3705,422,28378,337446,100,3705,404,25825,339997,100,3703,705,43915,321908,100,3703,703,111819,254004,100,3703,690,112453,253370,100,3703,697,112075,253748,100,800,490968,2435634
128x128x128w29-32-31,364263,364279,364277,364263,364099,364092,364109,364100,368331,364280,3662,424,26276,338313,100,3654,407,26652,337936,100,3654,408,27526,337061,100,3654,421,25101,339485,100,3652,584,43441,321144,100,3652,590,111167,253417,100,3652,572,111691,252892,100,3652,580,111495,253087,100,800,483349,2433335
128x128x128w29-32-32,356562,356570,356562,356549,355477,355485,355494,355486,360577,356575,3664,361,18807,338038,80,3664,352,18395,338449,80,3664,359,19125,337718,80,3664,371,17779,339063,80,3662,1442,35325,321516,80,3654,1441,103022,253826,80,3654,1431,103307,253540,80,3654,1438,103282,253564,80,640,419042,2435714
128x128x128w30-24-32,329354,329343,329353,329357,329357,329364,329347,329345,333315,329370,3613,367,32206,297397,120,3613,368,32288,297305,120,3613,357,32181,297411,120,3613,352,30982,298609,120,3611,351,31192,298398,120,3611,343,30184,299405,120,3611,359,98516,231072,120,3611,360,98356,231231,120,960,385905,2250828
128x128x128w30-24-33,330902,330888,330896,330882,330899,330902,330900,330902,334937,330910,3691,365,33450,297699,120,3683,376,33805,297341,120,3683,368,33870,297276,120,3683,382,32232,298914,120,3681,365,32697,298449,120,3681,362,31078,300068,120,3681,364,100329,230817,120,3681,354,99529,231609,120,960,396990,2252173
128x128x128w30-24-34,330807,330816,330801,330817,330789,330803,330806,330803,334872,330820,3723,357,33370,297676,120,3715,350,34010,297038,120,3715,364,33737,297310,120,3715,347,33063,297983,120,3713,374,32794,298251,120,3713,359,30992,300052,120,3713,355,100890,230153,120,3713,357,100171,230871,120,960,399027,2249334
128x128x128w30-32-22,362623,362638,362638,362630,362638,362648,362646,362644,366605,362654,3580,422,36345,326582,120,3580,389,36618,326291,120,3580,390,37467,325443,120,3580,396,34398,328510,120,3578,389,35475,327434,120,3578,379,33221,329688,120,3578,381,104600,258309,120,3578,383,105063,257846,120,960,423187,2480103
128x128x128w30-32-23,360914,360892,360913,360900,360902,360916,360927,360924,364899,360934,3596,409,36055,325150,120,3596,413,36742,324445,120,3596,393,36899,324289,120,3596,404,34897,326289,120,3594,403,35278,325909,120,3594,389,33210,327977,120,3594,378,104466,256721,120,3594,381,104508,256679,120,960,422055,2467459
128x128x128w30-32-24,361571,361554,361550,361543,361553,361563,361575,361570,365563,361582,3599,413,36395,325471,120,3599,412,36447,325401,120,3599,417,36782,325067,120,3599,422,35430,326417,120,3597,413,35605,326243,120,3597,403,33385,328463,120,3597,391,104802,257046,120,3597,396,104330,257518,120,960,423176,2471626
128x128x128w30-32-25,360733,360729,360733,360740,360719,360719,360733,360711,364742,360744,3616,413,35439,325589,120,3616,399,36209,324801,120,3616,396,36057,324954,120,3616,387,34851,326158,120,3614,409,35185,325825,120,3614,409,33124,327886,120,3614,395,104752,256258,120,3614,417,104395,256615,120,960,420012,2468086
128x128x128w30-32-26,353196,353209,353200,353184,353182,353187,353185,353200,357220,353211,3651,393,27908,325583,100,3651,362,28978,324495,100,3651,372,28888,324586,100,3651,386,26932,326540,100,3649,389,27877,325596,100,3649,384,25702,327771,100,3649,386,96588,256885,100,3649,371,96225,257248,100,800,359098,2468704
128x128x128w30-32-27,352100,352086,352092,352078,352077,352070,352078,352088,356114,352101,3654,380,28311,324071,100,3654,376,29298,323066,100,3654,371,28904,323461,100,3654,383,27182,325181,100,3652,385,27647,324717,100,3652,392,25643,326721,100,3652,384,96576,255788,100,3652,374,95983,256381,100,800,359544,2459386
128x128x128w30-32-28,349525,349525,349509,349509,349507,349502,349525,349517,353564,349532,3673,386,28086,321727,100,3673,368,29208,320587,100,3673,385,28915,320881,100,3673,383,27162,322632,100,3671,386,27398,322397,100,3671,391,25834,323961,100,3671,368,96633,253162,100,3671,376,96630,253165,100,800,359866,2438512
128x128x128w30-32-29,352318,352319,352315,352334,352324,352302,352308,352309,356411,352338,3711,402,29355,323267,100,3711,383,29798,322806,100,3711,388,29542,323063,100,3711,367,27725,324878,100,3709,378,27944,324660,100,3709,400,25590,327014,100,3709,394,96445,256159,100,3709,393,96710,255894,100,800,363109,2457741
128x128x128w30-32-30,348460,348465,348467,348444,348444,348435,348446,348463,352562,348471,3733,388,29333,319417,100,3733,373,30037,318703,100,3733,370,30309,318430,100,3733,392,27526,321212,100,3731,391,28786,319951,100,3731,399,26619,322117,100,3731,387,97627,251108,100,3723,377,97559,251183,100,800,367796,2422121
128x128x128w30-32-31,350414,350419,350429,350433,350437,350444,350441,350445,354474,350452,3664,409,28981,321744,100,3656,408,29623,321106,100,3656,397,29605,321123,100,3656,392,27315,323412,100,3654,387,28170,322556,100,3654,379,25102,325623,100,3654,381,97582,253142,100,3654,376,96942,253781,100,800,363320,2442487
128x128x128w30-32-32,341039,341038,341020,341030,341029,341054,341054,341046,345052,341056,3680,347,22652,318656,80,3680,343,21788,319515,80,3680,360,22041,319261,80,3680,349,19877,321424,80,3678,349,20863,320437,80,3670,331,17242,324065,80,3670,330,89164,252142,80,3670,337,88990,252315,80,640,302617,2427815
128x128x128w31-24-32,329275,329275,329264,329268,306262,306263,306241,305966,333245,329277,3649,340,32688,296809,120,3649,330,32723,296764,120,3649,340,32511,296975,120,3649,335,31379,298106,120,3647,23340,48800,280708,96,3647,23338,47298,282209,96,3647,23359,47850,281656,96,3647,23633,116696,212809,96,864,389945,2246036
128x128x128w31-24-33,331182,331181,331188,331190,307794,307800,307765,307522,335215,331193,3695,353,32475,298942,120,3687,356,32860,298559,120,3687,348,33136,298282,120,3687,345,32367,299050,120,3685,23740,50131,281309,96,3685,23733,48312,283127,96,3685,23767,48657,282781,96,3685,24009,117057,214380,96,864,394995,2256430
128x128x128w31-32-22,363219,363220,363210,363214,339204,339230,339245,338567,367177,363222,3620,345,36076,327370,120,3620,346,36178,327270,120,3620,355,36284,327163,120,3620,350,34719,328727,120,3618,24359,53220,310249,96,3618,24332,51922,311546,96,3618,24316,51666,311801,96,3618,24993,124303,239163,96,864,424368,2483289
128x128x128w31-32-23,361338,361341,361331,361329,337331,337329,337355,336824,365325,361343,3636,370,35929,325661,120,3636,357,36438,325142,120,3636,366,36663,324916,120,3636,367,34657,326921,120,3634,24364,53101,308500,96,3634,24365,51664,309936,96,3634,24338,51656,309943,96,3634,24868,123806,237792,96,864,423914,2468811
128x128x128w31-32-24,361982,361980,361984,361973,338024,338021,338036,337727,365973,361987,3635,370,36182,326052,120,3635,368,36003,326227,120,3635,365,35920,326311,120,3635,374,33808,328421,120,3633,24324,52392,309862,96,3633,24322,50772,311477,96,3633,24306,51317,310931,96,3633,24614,123667,238580,96,864,420061,2477861
128x128x128w31-32-25,363160,363161,363150,363147,338972,338976,338974,338824,367166,363163,3657,368,36112,327298,120,3657,357,36765,326635,120,3657,367,36663,326736,120,3657,369,34864,328534,120,3655,24543,53107,310314,96,3655,24538,51723,311697,96,3655,24539,52192,311227,96,3655,24688,124475,238943,96,864,425901,2481384
128x128x128w31-32-26,355349,355344,355342,355357,332701,332664,332669,331829,359358,355361,3669,359,28368,327242,100,3669,354,30117,325483,100,3669,355,29569,326030,100,3669,339,27015,328583,100,3667,22994,45945,309672,80,3667,23030,44547,311069,80,3667,23024,44964,310651,80,3667,23863,116289,239325,80,720,366814,2478055
128x128x128w31-32-27,353336,353338,353336,353340,330715,330728,330702,330006,357349,353344,3680,352,28457,325133,100,3680,340,30709,322871,100,3680,341,29357,324222,100,3680,336,27065,326513,100,3678,22960,45762,307835,80,3678,22946,44251,309345,80,3678,22971,44852,308743,80,3678,23666,116410,237184,80,720,366863,2461846
128x128x128w31-32-28,351114,351119,351118,351110,328651,328647,328620,328069,355146,351121,3693,358,28709,322665,100,3693,343,29230,322134,100,3693,343,29373,321990,100,3693,350,27057,324305,100,3691,22808,45363,306018,80,3691,22811,44515,306865,80,3691,22837,44728,306651,80,3691,23387,116071,235307,80,720,365046,2445935
128x128x128w31-32-29,351657,351651,351648,351652,328945,328962,329011,328537,355718,351658,3732,348,28622,323285,100,3732,344,29524,322373,100,3732,346,29484,322412,100,3732,341,27089,324806,100,3730,23047,45789,306125,80,3730,23029,44560,307353,80,3730,22979,44601,307311,80,3730,23452,116122,235789,80,720,365791,2449454
128x128x128w31-32-30,351386,351378,351376,351382,328706,328682,328701,328388,355457,351387,3742,348,29109,322527,100,3742,346,29858,321768,100,3742,347,30061,321564,100,3742,340,27170,324454,100,3740,23015,46305,305338,80,3740,23038,44168,307474,80,3740,23018,45615,306026,80,3740,23330,117614,234026,80,720,369900,2443177
128x128x128w31-32-31,349438,349428,349426,349428,326689,326709,326715,326558,353519,349440,3746,354,28102,321592,100,3746,354,28891,320793,100,3746,355,29183,320500,100,3746,352,26774,322908,100,3744,23090,45503,304198,80,3744,23069,44676,305024,80,3744,23062,44425,305274,80,3736,23226,116286,233420,80,720,363840,2433709
128x128x128w31-32-32,339516,339503,339511,339517,318782,318801,318818,317687,343503,339524,3694,312,19628,320122,80,3694,315,19685,320055,80,3694,306,19306,320433,80,3694,299,18299,321439,80,3692,21033,36293,303460,64,3684,21021,34834,304926,64,3684,21003,35030,304729,64,3684,22133,107320,232438,64,576,290395,2427602
128x128x128w32-24-26,315442,315448,315456,315451,315451,315466,315437,315432,319472,315470,3570,475,33292,282507,120,3570,463,33749,282044,120,3562,462,33831,281969,120,3562,466,33025,282774,120,3560,465,32354,283444,120,3560,449,31894,283903,120,3560,477,31346,284450,120,3560,481,32102,283693,120,960,261593,2264784
128x128x128w32-24-27,315003,314999,315011,315013,315014,315020,315018,314993,319049,315024,3581,482,33481,281886,120,3581,478,33698,281661,120,3573,473,33899,281467,120,3573,470,32152,283213,120,3571,468,32903,282461,120,3571,461,32020,283343,120,3571,462,32317,283045,120,3571,486,31580,283781,120,960,262050,2260857
128x128x128w32-24-28,316113,316102,316107,316114,316122,316122,316101,316101,320151,316126,3579,476,33788,282683,120,3579,479,34392,282071,120,3571,481,34519,281951,120,3571,473,33032,283437,120,3569,464,32631,283837,120,3569,463,31803,284664,120,3569,483,32173,284293,120,3569,482,32318,284147,120,960,264656,2267083
128x128x128w32-24-29,315646,315646,315655,315668,315662,315663,315663,315639,319738,315670,3624,485,33635,282378,120,3624,477,33766,282239,120,3616,475,33901,282111,120,3616,461,32663,283348,120,3614,466,32234,283776,120,3614,464,31866,284143,120,3614,463,32021,283987,120,3614,486,31844,284163,120,960,261930,2266145
128x128x128w32-24-30,315735,315731,315746,315745,315732,315754,315736,315727,319828,315758,3624,486,34267,281836,120,3624,482,34370,281725,120,3616,474,33887,282215,120,3616,474,33456,282645,120,3614,486,33341,282759,120,3614,463,31572,284527,120,3614,480,32938,283160,120,3614,488,32749,283348,120,960,266580,2262215
128x128x128w32-24-31,316476,316484,316484,316484,316488,316488,316477,316467,320577,316493,3652,456,34685,282129,120,3644,458,34532,282292,120,3644,457,34765,282058,120,3644,456,33536,283286,120,3642,451,33813,283008,120,3642,450,32162,284658,120,3642,460,33309,283510,120,3642,469,32867,283951,120,960,269669,2264892
128x128x128w32-24-32,304763,304769,304761,304781,304805,304795,304793,304795,308755,304807,3555,463,25051,280081,96,3555,441,25210,279906,96,3555,449,25267,279849,96,3547,437,24634,280490,96,3545,413,24023,281101,96,3545,423,22867,282257,96,3545,425,22706,282418,96,3545,415,22898,282218,96,768,192656,2248320
128x128x128w32-32-17,348468,348447,348464,348495,348491,348474,348464,348493,352272,348500,3322,497,31753,317086,128,3322,512,32673,316160,128,3322,494,32493,316339,128,3322,462,28920,319911,128,3320,465,29938,318892,128,3320,481,28820,320009,128,3320,490,29256,319572,128,3312,468,29033,319802,128,1024,242886,2547771
128x128x128w32-32-19,347819,347811,347827,347846,347791,347844,347834,347840,351847,347850,3504,544,32845,315408,112,3504,542,35577,312666,112,3504,526,35437,312806,112,3504,507,31212,317031,112,3502,562,32439,315804,112,3502,509,30228,318015,112,3502,519,30953,317290,112,3502,513,30539,317704,112,896,259230,2526724
128x128x128w32-32-20,346551,346542,346582,346599,346591,346602,346591,346573,350595,346608,3496,568,34236,312773,112,3496,567,36782,310217,112,3496,527,35808,311191,112,3496,510,31274,315725,112,3494,518,32007,314992,112,3494,507,30902,316097,112,3494,518,30760,316239,112,3494,536,30672,316327,112,896,262441,2513561
128x128x128w32-32-22,341694,341700,341686,341649,341676,341686,341692,341701,345805,341709,3602,523,30270,311853,96,3602,512,29965,312153,96,3602,525,30888,311229,96,3602,561,28739,313377,96,3600,533,28020,314095,96,3600,522,26406,315708,96,3600,515,26692,315421,96,3600,505,27509,314603,96,768,228489,2508439
128x128x128w32-32-23,340964,340973,340979,340937,340980,340958,340973,340976,345077,340985,3613,506,29930,311446,96,3613,500,29362,312017,96,3613,493,30107,311271,96,3613,534,28458,312919,96,3611,490,27380,313996,96,3611,511,26529,314846,96,3611,495,26175,315199,96,3611,491,27277,314096,96,768,225218,2505790
128x128x128w32-32-24,340490,340470,340481,340497,340476,340483,340490,340462,344596,340502,3605,520,28947,311969,96,3605,530,29031,311875,96,3605,518,29135,311770,96,3605,501,26937,313967,96,3603,521,27178,313725,96,3603,513,25812,315090,96,3603,505,26196,314705,96,3595,540,26651,314257,96,768,219887,2507358
128x128x128w32-32-25,341626,341612,341604,341590,341612,341610,341622,341622,345761,341629,3638,511,29519,312524,96,3638,520,29062,312976,96,3638,527,29496,312541,96,3638,540,28914,313122,96,3636,517,28088,313947,96,3636,518,26533,315501,96,3628,513,26607,315434,96,3628,512,26820,315220,96,768,225039,2511265
128x128x128w32-32-26,333905,333885,333912,333954,333913,333948,333953,333943,338068,333960,3635,544,22928,311443,80,3635,557,24191,310173,80,3635,529,24924,309439,80,3635,486,21406,312956,80,3633,526,21623,312738,80,3633,490,20769,313591,80,3633,484,20595,313764,80,3633,493,20678,313680,80,640,177114,2497784
128x128x128w32-32-27,333329,333326,333314,333305,333305,333289,333305,333344,337458,333352,3632,513,22676,311088,80,3632,509,24031,309726,80,3632,520,24837,308919,80,3632,528,21157,312598,80,3630,527,21712,312042,80,3630,542,20809,312944,80,3630,525,21069,312683,80,3630,485,20514,313237,80,640,176805,2493237
128x128x128w32-32-28,331679,331624,331664,331659,331689,331693,331680,331684,335836,331699,3662,511,22618,309494,80,3662,559,24636,307469,80,3662,518,24489,307615,80,3662,522,21513,310590,80,3660,491,22049,310053,80,3660,486,20567,311534,80,3660,498,21093,311007,80,3660,493,20911,311188,80,640,177876,2478950
128x128x128w32-32-29,331085,331087,331087,331098,331069,331101,331080,331096,335262,331107,3681,512,22908,308611,80,3681,503,23584,307928,80,3681,502,23757,307754,80,3681,490,21579,309931,80,3679,518,21977,309532,80,3679,485,20138,311370,80,3679,505,20509,310998,80,3679,488,20211,311295,80,640,174663,2477419
128x128x128w32-32-30,329024,329037,328959,329034,329002,329022,329035,329013,333211,329042,3692,511,23078,306379,80,3692,491,25042,304408,80,3692,568,23787,305662,80,3692,492,21157,308291,80,3690,523,22054,307393,80,3690,502,20665,308781,80,3690,488,20657,308788,80,3690,509,20089,309355,80,640,176529,2459057
128x128x128w32-32-31,327924,327932,327933,327953,327943,327926,327930,327881,332125,327957,3696,521,23127,305240,80,3696,506,24424,303936,80,3696,504,23617,304742,80,3696,483,21527,306831,80,3694,492,21839,306518,80,3694,508,20919,307437,80,3694,503,21576,306779,80,3694,551,21379,306975,80,640,178408,2448458
128x128x128w33-24-26,365512,365513,365513,365515,365519,365298,365315,365289,369650,365524,3663,492,33272,332614,120,3663,483,83895,281983,120,3663,482,83871,282006,120,3663,479,82658,283218,120,3661,474,83201,282674,120,3661,694,98878,266996,120,3661,676,98932,266941,120,3661,701,98924,266948,120,960,663631,2263380
128x128x128w33-24-27,365845,365845,365809,365825,365825,365662,365660,365663,369972,365847,3671,471,33273,332925,120,3671,465,84260,281932,120,3671,500,84204,281987,120,3671,483,83317,282873,120,3669,482,83365,282824,120,3669,644,99365,266823,120,3669,645,99882,266305,120,3669,641,99009,267177,120,960,666675,2262846
128x128x128w33-24-28,366413,366411,366417,366415,366417,366267,366267,366248,370572,366422,3686,488,33773,333010,120,3686,484,84825,281952,120,3686,477,84599,282177,120,3686,478,84022,282753,120,3684,475,83564,283210,120,3684,624,100148,266625,120,3684,623,100288,266484,120,3684,641,100020,266751,120,960,671239,2262962
128x128x128w33-24-29,366484,366484,366455,366465,366469,366371,366371,366367,370674,366486,3723,480,33672,333174,120,3723,476,84367,282475,120,3723,504,84252,282589,120,3723,493,83559,283281,120,3721,488,83626,283213,120,3721,585,99897,266941,120,3721,584,100047,266790,120,3721,587,99802,267034,120,960,669222,2265497
128x128x128w33-24-30,365470,365470,365474,365474,365473,365389,365395,365371,369661,365478,3729,478,33178,332652,120,3729,471,83903,281920,120,3729,466,84000,281822,120,3729,465,83001,282820,120,3727,465,82955,282865,120,3727,548,98956,266863,120,3727,541,99331,266487,120,3727,564,99129,266688,120,960,664453,2262117
128x128x128w33-24-31,367596,367595,367582,367578,367586,367546,367546,367547,371768,367597,3714,472,34230,333720,120,3714,468,84901,283044,120,3714,480,85123,282821,120,3714,483,84344,283599,120,3712,474,84664,283278,120,3712,513,100096,267845,120,3712,512,101061,266879,120,3712,510,100500,267439,120,960,674919,2268625
128x128x128w34-24-26,365678,365683,365483,365487,365465,365476,365472,365470,369760,365686,3650,458,32852,333166,120,3642,445,33006,333004,120,3642,645,100889,265121,120,3642,641,100315,265695,120,3640,663,100970,265040,120,3640,652,99111,266899,120,3640,656,99656,266354,120,3640,650,99222,266780,120,960,666021,2262059
128x128x128w34-24-27,365528,365534,365330,365348,365352,365355,365355,365355,369630,365536,3663,465,32712,333163,120,3655,451,32620,333247,120,3655,655,100754,265113,120,3655,637,99686,266181,120,3653,633,100277,265590,120,3653,630,98856,267011,120,3653,630,99864,266003,120,3653,622,99301,266558,120,960,664070,2262866
128x128x128w34-24-28,365854,365863,365685,365714,365703,365716,365708,365716,369954,365864,3664,462,32710,333488,120,3656,445,32736,333454,120,3656,623,101142,265048,120,3656,594,100085,266105,120,3654,605,100193,265997,120,3654,592,99278,266912,120,3654,600,99592,266598,120,3654,584,99346,266836,120,960,665082,2264438
128x128x128w34-24-29,366163,366169,366031,366051,366053,366056,366056,366056,370295,366171,3698,460,32815,333690,120,3690,446,32821,333676,120,3690,584,100768,265729,120,3690,564,99959,266538,120,3688,562,100157,266340,120,3688,559,99298,267199,120,3688,559,99537,266960,120,3688,551,98773,267716,120,960,664128,2267848
128x128x128w34-24-30,365439,365447,365379,365380,365386,365368,365380,365358,369569,365448,3706,442,32914,332849,120,3698,433,32805,332957,120,3698,500,100924,264837,120,3698,498,100102,265658,120,3696,491,99878,265881,120,3696,508,99237,266521,120,3696,495,99228,266529,120,3696,516,99270,266486,120,960,664358,2261718
128x128x128w35-24-26,349721,349721,349689,349701,349704,349711,349712,349505,353870,349723,3706,460,34042,316021,120,3706,452,34262,315793,120,3706,483,34363,315691,120,3706,470,84445,265608,120,3704,466,84723,265329,120,3704,458,83384,266667,120,3704,456,83921,266129,120,3704,662,100970,249079,120,960,540110,2260317
128x128x128w35-24-27,350167,350164,350169,350178,350179,350156,350156,349977,354332,350184,3706,476,34333,316192,120,3706,471,34010,316507,120,3706,465,34364,316152,120,3706,455,84348,266167,120,3704,453,84210,266304,120,3704,475,83279,267234,120,3704,474,83256,267256,120,3704,652,100620,249891,120,960,538420,2265703
128x128x128w35-24-28,350126,350126,350127,350127,350128,350119,350116,349963,354275,350133,3703,458,34235,316231,120,3703,455,34514,315949,120,3703,453,34381,316081,120,3703,452,84562,265899,120,3701,450,84787,265673,120,3701,458,83305,267154,120,3701,460,84132,266326,120,3701,612,100623,249834,120,960,540539,2263147
128x128x128w35-24-29,350452,350453,350448,350456,350453,350456,350440,350322,354648,350462,3748,465,33939,316860,120,3748,456,34374,316417,120,3748,460,34319,316471,120,3748,451,84431,266358,120,3746,453,84802,265986,120,3746,449,83438,267349,120,3746,464,83727,267059,120,3746,581,100676,250109,120,960,539706,2266609
128x128x128w36-24-26,349304,349312,349313,349318,349093,349098,349100,349095,353414,349321,3673,457,33974,315669,120,3665,439,33802,315831,120,3665,439,34343,315291,120,3665,432,33120,316512,120,3663,658,101827,247806,120,3663,653,100426,249207,120,3663,651,100514,249119,120,3663,656,101056,248577,120,960,539062,2258012
128x128x128w36-24-27,349828,349838,349836,349845,349646,349659,349660,349649,353944,349848,3677,459,33780,316389,120,3669,439,34202,315957,120,3669,442,34544,315616,120,3669,431,33090,317068,120,3667,631,101472,248687,120,3667,618,100623,249536,120,3667,617,101473,248686,120,3667,628,100929,249230,120,960,540113,2261169
128x128x128w36-24-28,350128,350133,350135,350139,350002,349986,349988,349980,354252,350142,3691,453,33963,316500,120,3683,438,34488,315965,120,3683,437,34209,316245,120,3683,431,33000,317452,120,3681,569,101236,249217,120,3681,585,100993,249460,120,3681,583,100982,249471,120,3681,591,101331,249122,120,960,540202,2263432
128x128x128w37-24-26,350152,349959,349963,349958,349946,349952,349957,349937,354299,350153,3722,442,34629,315847,120,3722,627,51465,299003,120,3722,622,51663,298804,120,3722,626,50748,299718,120,3720,637,50905,299560,120,3720,630,101160,249304,120,3720,624,101427,249036,120,3720,643,101013,249449,120,960,543010,2260721
128x128x128w37-24-27,350443,350276,350286,350282,350278,350278,350283,350254,354571,350444,3719,425,34467,316283,120,3719,585,51567,299176,120,3719,574,51602,299140,120,3719,577,50505,300236,120,3717,580,50550,300190,120,3717,579,100954,249785,120,3717,573,101389,249349,120,3717,601,100767,249970,120,960,541801,2264129
128x128x128w38-24-26,333974,333978,333973,333981,333983,333987,333782,333782,338075,333992,3707,399,35291,298964,120,3699,408,35394,298874,120,3699,411,35348,298918,120,3699,404,34201,300066,120,3697,399,34528,299736,120,3697,394,33232,301031,120,3697,598,102700,231562,120,3697,597,101758,232503,120,960,412452,2261654
128x128x128w39-24-26,334621,334618,334604,334409,334427,334423,334421,334422,338777,334622,3758,408,35320,299591,120,3758,410,35745,299165,120,3758,423,35658,299251,120,3758,617,52022,282886,120,3756,598,52109,282798,120,3756,601,51051,283855,120,3756,602,50905,284000,120,3756,600,102472,232432,120,960,415282,2263978
